"SNP","Gene","Chromosome","Position","Ref","Alt","CLR_BEB","Alpha_BEB","CLR_GIH","Alpha_GIH","CLR_ITU","Alpha_ITU","CLR_PJL","Alpha_PJL","CLR_STU","Alpha_STU"
"rs355910","COBLL1",2,165647332,"C","T",5.196649e-08,0.03647415,0.1840462,0.004611326,0,0.05607478,0.1211671,0.006253032,0.2468836,0.005035057
"rs11708067","ADCY5",3,123065778,"A","G",0.6855917,0.001454049,0.2299828,0.003417907,0.7401931,0.001385694,0,0.4285716,0.2365605,0.002728131
"rs11719201","ADCY5",3,123068744,"C","T",0,2,0.1364162,0.008078096,0.6386979,0.006955025,0.0724021,0.09242923,1.890433e-08,0.2857142
"rs11707746","ADCY5",3,123068817,"T","C",0,2,0.1364162,0.008078096,0.6386979,0.006955025,0.0724021,0.09242923,1.890433e-08,0.2857142
"rs11720108","ADCY5",3,123069058,"C","T",0,2,0.1364162,0.008078096,0.6386979,0.006955025,0.0724021,0.09242923,1.890433e-08,0.2857142
"rs7614016","ADCY5",3,123070426,"G","A",0.01519773,0.06357308,0,0.3529412,0.07114071,0.007191677,0,0.2400001,7.114774e-09,0.352941
"rs7613951","ADCY5",3,123070517,"C","T",0.01519773,0.06357308,0,0.3529412,0.07114071,0.007191677,0,0.2400001,7.114774e-09,0.352941
"rs11717195","ADCY5",3,123082398,"T","C",0.1122646,0.002514118,0.05225795,0.001236003,0.04142685,0.001410617,0.02597239,0.004204712,4.293317e-08,0.0338983
"rs35841686","ADCY5",3,123087916,"T","A",0.02398631,0.003443435,0.2737138,0.001574001,0.3273267,0.00139783,0.002629226,0.004884471,1.737923e-08,0.05454545
"rs34970607","ADCY5",3,123090360,"G","A",0,0.04669262,0.2864602,0.0010703,1.017022,0.001135502,0,0.02272728,1.737923e-08,0.02453988
"rs2124500","ADCY5",3,123093530,"T","C",0.001223001,0.05494796,0,0.1153846,9.898132e-09,0.7058823,0,0.1363637,0.0007458775,0.05291433
"rs6794202","ADCY5",3,123093887,"C","T",0.001223001,0.05494796,0,0.1153846,9.898132e-09,0.7058823,0,0.1363637,0.0007458775,0.05291433
"rs2877716","ADCY5",3,123094451,"T","C",0.001223001,0.05494796,0,0.1153846,9.898132e-09,0.7058823,0,0.1363637,0.0007458775,0.05291433
"rs6798189","ADCY5",3,123095312,"G","A",0,0.7500001,0.3703836,0.001224083,1.025379,0.0007494185,0.01804876,0.009959441,0.0002266411,0.0890133
"rs56371916","ADCY5",3,123095543,"T","C",0,0.7500001,0.3703836,0.001224083,1.025379,0.0007494185,0.01804876,0.009959441,0.0002266411,0.0890133
"rs9883204","ADCY5",3,123096820,"T","C",0,0.7500001,0.3703836,0.001224083,1.025379,0.0007494185,0.01804876,0.009959441,0.0002266411,0.0890133
"rs71330995","ADCY5",3,123124513,"G","A",0,0.07317076,0.03688198,0.0124493,0.09689701,0.01107843,0,1.2,0.2044625,0.009362467
"rs113858788","C3orf65",3,185461291,"T","G",1.829769,0.001319068,2.240243,0.001070785,1.411441,0.001438349,1.785928,0.001319067,3.41178,0.001148332
"rs2053768","C3orf65",3,185465763,"C","T",0,0.1714286,0,0.1518988,0.04662042,0.03201249,0.05122688,0.03433086,0.07707763,0.02112631
"rs12636310","C3orf65",3,185469491,"A","G",0.006288622,0.03416566,0.1638345,0.02141144,9.898127e-09,0.2790698,0.1423469,0.01283742,0,0.1318682
"rs113805683","C3orf65",3,185471910,"T","C",0.3734408,0.0009993059,0.7047637,0.0008380218,9.898031e-09,0.1764705,0,0.1764706,0.393217,0.002348432
"rs6784185","C3orf65",3,185473065,"G","A",0.3734408,0.0009993059,0.7047637,0.0008380218,9.898031e-09,0.1764705,0,0.1764706,0.393217,0.002348432
"rs6784050","C3orf65",3,185473132,"C","T",0.3734408,0.0009993059,0.7047637,0.0008380218,9.898031e-09,0.1764705,0,0.1764706,0.393217,0.002348432
"rs57487162","C3orf65",3,185477746,"T","C",0,0.02303263,0.2630317,0.000429304,9.898115e-09,0.02536998,0,0.04460967,1.737913e-08,0.04743081
"rs6799330","C3orf65",3,185478957,"T","G",0,0.02303263,0.2630317,0.000429304,9.898115e-09,0.02536998,0,0.04460967,1.737913e-08,0.04743081
"rs6789741","C3orf65",3,185479733,"G","T",0,0.2727274,0.07239009,0.0008731956,9.898041e-09,0.05687202,0.3982204,0.0009556939,0.09548554,0.00112982
"rs10513800","C3orf65",3,185480388,"C","A",0,0.2727274,0.07239009,0.0008731956,9.898041e-09,0.05687202,0.3982204,0.0009556939,0.09548554,0.00112982
"rs71320320","IGF2BP2",3,185487155,"A","T",0,0.4285715,0.4030409,0.001817778,9.89812e-09,0.02047781,0,0.04528303,1.737918e-08,0.2
"rs35430985","IGF2BP2",3,185488303,"C","A",0,0.4285715,0.4030409,0.001817778,9.89812e-09,0.02047781,0,0.04528303,1.737918e-08,0.2
"rs16860216","IGF2BP2",3,185488882,"G","A",0,0.4285715,0.4030409,0.001817778,9.89812e-09,0.02047781,0,0.04528303,1.737918e-08,0.2
"rs13073992","IGF2BP2",3,185490240,"T","G",0,0.09230773,1.044349,0.0009178742,9.898077e-09,0.04255318,0.07545631,0.001202975,1.737921e-08,0.2553191
"rs7648605","IGF2BP2",3,185490734,"T","G",0,0.09230773,1.044349,0.0009178742,9.898077e-09,0.04255318,0.07545631,0.001202975,1.737921e-08,0.2553191
"rs13092876","IGF2BP2",3,185495320,"G","A",0,0.01046208,0.3294835,0.001474329,0.04322781,0.001831998,0,0.1690141,0.03734375,0.003232295
"rs11706322","IGF2BP2",3,185497293,"C","T",0,0.244898,0.05295202,0.0181322,1.603267e-08,0.07692306,0.04027521,0.01771693,0,0.0638298
"rs4376068","IGF2BP2",3,185497635,"A","C",0,0.244898,0.05295202,0.0181322,1.603267e-08,0.07692306,0.04027521,0.01771693,0,0.0638298
"rs6801848","IGF2BP2",3,185499057,"C","G",0.1733879,0.003264297,0.05690661,0.005291987,0.0002175966,0.01573586,0.0003340715,0.04921372,0.3970827,0.004000906
"rs6780171","IGF2BP2",3,185503456,"T","A",0.001052821,0.01339949,0.0852881,0.002652354,9.898127e-09,0.08955223,0,0.04858302,0.001999485,0.009336931
"rs4481184","IGF2BP2",3,185505787,"C","T",0.0005632089,0.06542528,0.1564227,0.004176696,0.0002391305,0.07016341,0,0.1411765,1.737922e-08,0.173913
"rs9841201","IGF2BP2",3,185505984,"G","A",0.0005632089,0.06542528,0.1564227,0.004176696,0.0002391305,0.07016341,0,0.1411765,1.737922e-08,0.173913
"rs11716491","IGF2BP2",3,185506003,"T","C",0.0005632089,0.06542528,0.1564227,0.004176696,0.0002391305,0.07016341,0,0.1411765,1.737922e-08,0.173913
"rs73061075","IGF2BP2",3,185506401,"A","C",0.0005632089,0.06542528,0.1564227,0.004176696,0.0002391305,0.07016341,0,0.1411765,1.737922e-08,0.173913
"rs4389513","IGF2BP2",3,185506857,"T","G",0,0.02625821,0.4459845,0.0006835405,0.0656539,0.002593605,0,0.04633205,0.0002266411,0.0216083
"rs4414887","IGF2BP2",3,185506892,"C","T",0,0.02625821,0.4459845,0.0006835405,0.0656539,0.002593605,0,0.04633205,0.0002266411,0.0216083
"rs4490396","IGF2BP2",3,185506933,"T","A",0,0.02625821,0.4459845,0.0006835405,0.0656539,0.002593605,0,0.04633205,0.0002266411,0.0216083
"rs11705729","IGF2BP2",3,185507299,"A","T",0,0.02625821,0.4459845,0.0006835405,0.0656539,0.002593605,0,0.04633205,0.0002266411,0.0216083
"rs6765808","IGF2BP2",3,185508029,"C","T",0,0.02625821,0.4459845,0.0006835405,0.0656539,0.002593605,0,0.04633205,0.0002266411,0.0216083
"rs11927381","IGF2BP2",3,185508591,"T","C",0,0.02625821,0.4459845,0.0006835405,0.0656539,0.002593605,0,0.04633205,0.0002266411,0.0216083
"rs7619401","IGF2BP2",3,185510006,"G","A",0,0.04137932,1.261045,0.001618741,1.506791,0.00164894,0,0.04137932,0.00163306,0.02923477
"rs11925294","IGF2BP2",3,185510118,"C","T",0,0.04137932,1.261045,0.001618741,1.506791,0.00164894,0,0.04137932,0.00163306,0.02923477
"rs11929397","IGF2BP2",3,185510190,"T","C",0,0.04137932,1.261045,0.001618741,1.506791,0.00164894,0,0.04137932,0.00163306,0.02923477
"rs11925455","IGF2BP2",3,185510412,"G","A",0,0.04137932,1.261045,0.001618741,1.506791,0.00164894,0,0.04137932,0.00163306,0.02923477
"rs7633675","IGF2BP2",3,185510613,"T","G",0,0.04137932,1.261045,0.001618741,1.506791,0.00164894,0,0.04137932,0.00163306,0.02923477
"rs16860234","IGF2BP2",3,185510884,"A","C",0,0.09090912,0.08486048,0.01894158,0,0.09090913,0,0.09090911,0,0.12
"rs4402960","IGF2BP2",3,185511687,"G","T",0,0.09090912,0.08486048,0.01894158,0,0.09090913,0,0.09090911,0,0.12
"rs16860235","IGF2BP2",3,185512361,"G","A",0,0.09090912,0.08486048,0.01894158,0,0.09090913,0,0.09090911,0,0.12
"rs35909974","IGF2BP2",3,185513079,"C","T",0.0005012668,0.01690319,0.1858957,0.00271602,9.898062e-09,0.06976742,0,0.02797203,1.73792e-08,0.05882352
"rs7640539","IGF2BP2",3,185513296,"T","A",0.0005012668,0.01690319,0.1858957,0.00271602,9.898062e-09,0.06976742,0,0.02797203,1.73792e-08,0.05882352
"rs7651090","IGF2BP2",3,185513392,"A","G",0.0005012668,0.01690319,0.1858957,0.00271602,9.898062e-09,0.06976742,0,0.02797203,1.73792e-08,0.05882352
"rs7631557","IGF2BP2",3,185513646,"G","C",0.0005012668,0.01690319,0.1858957,0.00271602,9.898062e-09,0.06976742,0,0.02797203,1.73792e-08,0.05882352
"rs9808924","IGF2BP2",3,185514189,"G","A",0.0005012668,0.01690319,0.1858957,0.00271602,9.898062e-09,0.06976742,0,0.02797203,1.73792e-08,0.05882352
"rs6786649","IGF2BP2",3,185514223,"C","A",0.0005012668,0.01690319,0.1858957,0.00271602,9.898062e-09,0.06976742,0,0.02797203,1.73792e-08,0.05882352
"rs7646518","IGF2BP2",3,185514931,"T","C",0,0.06250001,0.7869263,0.00276084,9.898092e-09,0.4444444,0.1217873,0.002763841,1.737922e-08,0.1518987
"rs11716713","IGF2BP2",3,185515610,"G","C",0,0.06250001,0.7869263,0.00276084,9.898092e-09,0.4444444,0.1217873,0.002763841,1.737922e-08,0.1518987
"rs7637773","IGF2BP2",3,185515635,"G","A",0,0.06250001,0.7869263,0.00276084,9.898092e-09,0.4444444,0.1217873,0.002763841,1.737922e-08,0.1518987
"rs4686696","IGF2BP2",3,185516520,"G","A",0,0.06250001,0.7869263,0.00276084,9.898092e-09,0.4444444,0.1217873,0.002763841,1.737922e-08,0.1518987
"rs73061095","IGF2BP2",3,185516807,"T","G",0.03353687,0.005847104,0.2281577,0.002138304,9.898066e-09,0.1153846,1.361944,0.00178128,1.737921e-08,0.1363636
"rs11928319","IGF2BP2",3,185518241,"G","C",0.03353687,0.005847104,0.2281577,0.002138304,9.898066e-09,0.1153846,1.361944,0.00178128,1.737921e-08,0.1363636
"rs35510946","IGF2BP2",3,185518910,"G","A",0,0.1061947,0.7461731,0.000428578,0.6967517,0.0007234412,0.9858148,0.0007438404,0.6904969,0.0009983198
"rs76922886","IGF2BP2",3,185518921,"G","A",0,0.1061947,0.7461731,0.000428578,0.6967517,0.0007234412,0.9858148,0.0007438404,0.6904969,0.0009983198
"rs7633811","IGF2BP2",3,185519848,"C","G",0,0.1061947,0.7461731,0.000428578,0.6967517,0.0007234412,0.9858148,0.0007438404,0.6904969,0.0009983198
"rs10428126","IGF2BP2",3,185520342,"T","C",0,0.1061947,0.7461731,0.000428578,0.6967517,0.0007234412,0.9858148,0.0007438404,0.6904969,0.0009983198
"rs6767484","IGF2BP2",3,185520578,"A","G",0,0.1061947,0.7461731,0.000428578,0.6967517,0.0007234412,0.9858148,0.0007438404,0.6904969,0.0009983198
"rs6767577","IGF2BP2",3,185520732,"A","C",0,0.1290323,4.822377,0.0004709995,3.222792,0.0007198304,1.815441,0.0008166621,4.030134,0.0008699789
"rs9854769","IGF2BP2",3,185520948,"A","G",0,0.1290323,4.822377,0.0004709995,3.222792,0.0007198304,1.815441,0.0008166621,4.030134,0.0008699789
"rs34782298","IGF2BP2",3,185520996,"G","A",0,0.1290323,4.822377,0.0004709995,3.222792,0.0007198304,1.815441,0.0008166621,4.030134,0.0008699789
"rs7615045","IGF2BP2",3,185521126,"A","G",0,0.1290323,4.822377,0.0004709995,3.222792,0.0007198304,1.815441,0.0008166621,4.030134,0.0008699789
"rs7640744","IGF2BP2",3,185522447,"G","A",0,0.1290323,4.822377,0.0004709995,3.222792,0.0007198304,1.815441,0.0008166621,4.030134,0.0008699789
"rs66513933","IGF2BP2",3,185523370,"T","C",3.349462,0.0004345721,8.53919,0.0003214842,5.624081,0.0004252264,4.55329,0.0005359907,6.087308,0.000524464
"rs7646519","IGF2BP2",3,185523853,"G","A",3.349462,0.0004345721,8.53919,0.0003214842,5.624081,0.0004252264,4.55329,0.0005359907,6.087308,0.000524464
"rs4686392","IGF2BP2",3,185524081,"A","G",3.349462,0.0004345721,8.53919,0.0003214842,5.624081,0.0004252264,4.55329,0.0005359907,6.087308,0.000524464
"rs13060777","IGF2BP2",3,185525199,"A","G",0.9334872,0.002218603,0.9328767,0.00223488,1.515085,0.002068781,0.6866278,0.002551585,1.206515,0.003399735
"rs7630554","IGF2BP2",3,185526062,"A","G",0.9334872,0.002218603,0.9328767,0.00223488,1.515085,0.002068781,0.6866278,0.002551585,1.206515,0.003399735
"rs73063004","IGF2BP2",3,185526345,"C","T",0.9334872,0.002218603,0.9328767,0.00223488,1.515085,0.002068781,0.6866278,0.002551585,1.206515,0.003399735
"rs11711477","IGF2BP2",3,185526690,"T","A",4.298307,0.0005388841,6.961565,0.0004065932,5.236035,0.0004698824,4.565818,0.0007775684,4.579094,0.0007951787
"rs4453875","IGF2BP2",3,185526895,"T","C",4.298307,0.0005388841,6.961565,0.0004065932,5.236035,0.0004698824,4.565818,0.0007775684,4.579094,0.0007951787
"rs1470579","IGF2BP2",3,185529080,"A","C",0.87911,0.004718283,0.2198335,0.009093828,0.1894153,0.006240863,0.6244563,0.007177528,0.01982359,0.009752408
"rs1470580","IGF2BP2",3,185529174,"T","A",0.87911,0.004718283,0.2198335,0.009093828,0.1894153,0.006240863,0.6244563,0.007177528,0.01982359,0.009752408
"rs1470581","IGF2BP2",3,185529327,"A","G",0.87911,0.004718283,0.2198335,0.009093828,0.1894153,0.006240863,0.6244563,0.007177528,0.01982359,0.009752408
"rs9852647","IGF2BP2",3,185529629,"T","G",0.87911,0.004718283,0.2198335,0.009093828,0.1894153,0.006240863,0.6244563,0.007177528,0.01982359,0.009752408
"rs6769511","IGF2BP2",3,185530290,"T","C",0.87911,0.004718283,0.2198335,0.009093828,0.1894153,0.006240863,0.6244563,0.007177528,0.01982359,0.009752408
"rs9837654","IGF2BP2",3,185530322,"G","A",0.87911,0.004718283,0.2198335,0.009093828,0.1894153,0.006240863,0.6244563,0.007177528,0.01982359,0.009752408
"rs9859406","IGF2BP2",3,185534482,"G","A",9.520198,0.00019217,4.116099,0.0006184004,4.497383,0.0002721822,15.97194,0.0002026493,12.06296,0.000255965
"rs6444082","IGF2BP2",3,185536223,"G","T",14.05217,0.0001623744,21.76335,0.0001737281,9.110588,0.0002604521,21.77507,0.0002148288,16.85454,0.0001115696
"rs11717959","IGF2BP2",3,185541213,"G","T",0,0.1071429,0,0.08333334,0.08190029,0.01512652,0.1002019,0.02646429,0,0.08333334
"rs11705701","IGF2BP2",3,185544309,"G","A",0.1052134,0.01549479,0.3626356,0.004462606,0.2385329,0.005413338,9.038228e-06,0.1371798,0.01021952,0.0415714
"rs6444083","IGF2BP2",3,185545690,"C","G",1.320348,0.001931191,2.086725,0.001145833,1.44197,0.001155433,1.326187,0.001695652,1.679594,0.001617865
"rs6444084","IGF2BP2",3,185547319,"A","G",0.04786024,0.07727153,0.1650085,0.05023728,1.513284e-09,0.4137931,0.1272531,0.09530485,0.02621762,0.05387551
"rs764129","IGF2BP2",3,185547917,"C","T",0.04786024,0.07727153,0.1650085,0.05023728,1.513284e-09,0.4137931,0.1272531,0.09530485,0.02621762,0.05387551
"rs9348440","CDKAL1",6,20641336,"C","T",1.229577e-08,0.125,0.4228968,0.007506646,0.1629833,0.006293857,0.2337357,0.008050283,0.6584079,0.005472511
"rs72830669","CDKAL1",6,20645126,"A","G",0.471892,0.006214249,0.9924345,0.005038406,1.574615,0.002155201,0.2696233,0.01354824,2.328023,0.003050596
"rs6456364","CDKAL1",6,20649254,"A","T",0.1633652,0.02779398,0.2033233,0.03676303,0.09446545,0.1068743,0.2081641,0.03428043,0.2028137,0.02950041
"rs7766844","CDKAL1",6,20650821,"G","A",0.9835987,0.01858101,1.112529,0.01732624,0.817793,0.03208432,1.371744,0.0161562,0.7999784,0.02789733
"rs2328545","CDKAL1",6,20653550,"G","C",0.04851448,0.01593245,0,0.09756098,0,0.1379311,0.1237402,0.02095283,0.01463397,0.05182625
"rs2876582","CDKAL1",6,20653800,"A","G",0.04851448,0.01593245,0,0.09756098,0,0.1379311,0.1237402,0.02095283,0.01463397,0.05182625
"rs6456366","CDKAL1",6,20654300,"G","C",0.04851448,0.01593245,0,0.09756098,0,0.1379311,0.1237402,0.02095283,0.01463397,0.05182625
"rs9368216","CDKAL1",6,20655110,"A","G",1.022364,0.001785275,0.7480714,0.0005548865,0.0008896871,0.01650314,0.6436348,0.001280197,1.892175,0.0005087598
"rs4712522","CDKAL1",6,20656800,"C","G",0.421124,0.04926324,0.07209635,0.06516039,0.1272707,0.02930424,0.4197135,0.06076009,0.03433063,0.02930423
"rs4712523","CDKAL1",6,20657564,"A","G",0.421124,0.04926324,0.07209635,0.06516039,0.1272707,0.02930424,0.4197135,0.06076009,0.03433063,0.02930423
"rs4712524","CDKAL1",6,20657865,"A","G",0.421124,0.04926324,0.07209635,0.06516039,0.1272707,0.02930424,0.4197135,0.06076009,0.03433063,0.02930423
"rs67077402","CDKAL1",6,20658978,"A","C",1.38098e-08,0.2727273,0.09648291,0.06736363,0.4039546,0.03291171,0.06128614,0.04667233,0,0.2500001
"rs6456367","CDKAL1",6,20659587,"T","A",1.38098e-08,0.2727273,0.09648291,0.06736363,0.4039546,0.03291171,0.06128614,0.04667233,0,0.2500001
"rs6456368","CDKAL1",6,20659806,"T","C",1.38098e-08,0.2727273,0.09648291,0.06736363,0.4039546,0.03291171,0.06128614,0.04667233,0,0.2500001
"rs11759505","CDKAL1",6,20660731,"T","C",1.380953e-08,12,0.09906922,2.964,0.02073088,0.06402498,0.05442153,1.816863,0.1715009,0.05191035
"rs10946398","CDKAL1",6,20661034,"A","C",1.380953e-08,12,0.09906922,2.964,0.02073088,0.06402498,0.05442153,1.816863,0.1715009,0.05191035
"rs7774594","CDKAL1",6,20661143,"T","A",1.380953e-08,12,0.09906922,2.964,0.02073088,0.06402498,0.05442153,1.816863,0.1715009,0.05191035
"rs7754840","CDKAL1",6,20661250,"G","C",1.380953e-08,12,0.09906922,2.964,0.02073088,0.06402498,0.05442153,1.816863,0.1715009,0.05191035
"rs9460544","CDKAL1",6,20661529,"G","T",1.380953e-08,12,0.09906922,2.964,0.02073088,0.06402498,0.05442153,1.816863,0.1715009,0.05191035
"rs9460545","CDKAL1",6,20661550,"T","C",1.380953e-08,12,0.09906922,2.964,0.02073088,0.06402498,0.05442153,1.816863,0.1715009,0.05191035
"rs58723416","CDKAL1",6,20661842,"T","C",1.380953e-08,12,0.09906922,2.964,0.01100912,0.05456308,0.05442153,1.816863,0.0332088,0.054834
"rs35456723","CDKAL1",6,20662217,"T","C",1.380946e-08,1.090909,0.0592473,0.2889686,0.01100912,0.05456308,0.05680519,0.1651693,0.0332088,0.054834
"rs9368218","CDKAL1",6,20662592,"G","A",1.380946e-08,1.090909,0.0592473,0.2889686,0.01100912,0.05456308,0.05680519,0.1651693,0.0332088,0.054834
"rs4712525","CDKAL1",6,20662966,"C","T",1.380946e-08,1.090909,0.0592473,0.2889686,0.01100912,0.05456308,0.05680519,0.1651693,0.0332088,0.054834
"rs4712526","CDKAL1",6,20663035,"T","A",1.380946e-08,1.090909,0.0592473,0.2889686,0.01100912,0.05456308,0.05680519,0.1651693,0.0332088,0.054834
"rs9460546","CDKAL1",6,20663632,"T","G",0.07686532,0.004041781,0.7869993,0.001825614,0,0.1690141,0.3891667,0.002616485,1.072475,0.001821956
"rs9465860","CDKAL1",6,20664100,"C","T",0.07686532,0.004041781,0.7869993,0.001825614,0,0.1690141,0.3891667,0.002616485,1.072475,0.001821956
"rs742642","CDKAL1",6,20665081,"G","A",0.07686532,0.004041781,0.7869993,0.001825614,0,0.1690141,0.3891667,0.002616485,1.072475,0.001821956
"rs7748382","CDKAL1",6,20665549,"G","A",0.06702668,0.01503074,0.1619515,0.01305589,0.03180726,0.02762253,0.06271803,0.0140014,0.2764295,0.02827247
"rs28665000","CDKAL1",6,20665591,"G","A",0.06702668,0.01503074,0.1619515,0.01305589,0.03180726,0.02762253,0.06271803,0.0140014,0.2764295,0.02827247
"rs58048170","CDKAL1",6,20665730,"T","C",0.06702668,0.01503074,0.1619515,0.01305589,0.03180726,0.02762253,0.06271803,0.0140014,0.2764295,0.02827247
"rs7772603","CDKAL1",6,20665946,"T","C",0.06702668,0.01503074,0.1619515,0.01305589,0.03180726,0.02762253,0.06271803,0.0140014,0.2764295,0.02827247
"rs7752780","CDKAL1",6,20666022,"G","A",0.06702668,0.01503074,0.1619515,0.01305589,0.03180726,0.02762253,0.06271803,0.0140014,0.2764295,0.02827247
"rs7752906","CDKAL1",6,20666055,"G","A",0.06702668,0.01503074,0.1619515,0.01305589,0.03180726,0.02762253,0.06271803,0.0140014,0.2764295,0.02827247
"rs2206739","CDKAL1",6,20666244,"A","G",0.06702668,0.01503074,0.1619515,0.01305589,0.03180726,0.02762253,0.06271803,0.0140014,0.2764295,0.02827247
"rs2206738","CDKAL1",6,20666246,"A","G",0.06702668,0.01503074,0.1619515,0.01305589,0.03180726,0.02762253,0.06271803,0.0140014,0.2764295,0.02827247
"rs9358356","CDKAL1",6,20667382,"T","C",0.006012749,0.01541057,0.02343837,0.002125658,0,0.08163268,0.2081517,0.001001998,0.5578862,0.0009448796
"rs9350270","CDKAL1",6,20667799,"A","G",0.006012749,0.01541057,0.02343837,0.002125658,0,0.08163268,0.2081517,0.001001998,0.5578862,0.0009448796
"rs7451008","CDKAL1",6,20673880,"T","C",1.364806,0.0053543,0.765476,0.00413467,0.5022867,0.01043723,1.361283,0.00413467,0.787535,0.009849823
"rs9368219","CDKAL1",6,20674691,"C","T",1.364806,0.0053543,0.765476,0.00413467,0.5022867,0.01043723,1.361283,0.00413467,0.787535,0.009849823
"rs35261542","CDKAL1",6,20675792,"C","A",0.9877146,0.001698931,0.3121543,0.0009055018,0.0002661845,0.05617323,1.198687,0.002106586,0.0113019,0.001076492
"rs1569699","CDKAL1",6,20679310,"T","G",0.5760298,0.004131756,0.410959,0.004751875,0.1937074,0.007260139,0.4235096,0.004807976,0.1109578,0.006183101
"rs7756992","CDKAL1",6,20679709,"A","G",0.5760298,0.004131756,0.410959,0.004751875,0.1937074,0.007260139,0.4235096,0.004807976,0.1109578,0.006183101
"rs9348441","CDKAL1",6,20680678,"T","A",0.5868212,0.001738624,0.26034,0.002020982,0.3451153,0.001943168,0.210559,0.002205867,0.7490147,0.002220886
"rs35612982","CDKAL1",6,20682622,"T","C",0.2194403,0.005517158,0.006129224,0.006777515,0,0.2727274,0.05772026,0.006319829,0,0.2727274
"rs9350271","CDKAL1",6,20683164,"G","A",0.2194403,0.005517158,0.006129224,0.006777515,0,0.2727274,0.05772026,0.006319829,0,0.2727274
"rs9356744","CDKAL1",6,20685486,"T","C",0.1337041,0.004196812,0.00902374,0.01284582,0.003470423,0.005790375,0.03725174,0.01041517,0.02315535,0.009446317
"rs7766070","CDKAL1",6,20686573,"C","A",0.2484799,0.04208803,0.06210486,0.05191035,0,0.1690141,0.3943139,0.04840485,0.1669274,0.03156161
"rs67131976","CDKAL1",6,20686878,"C","T",0.2484799,0.04208803,0.06210486,0.05191035,0,0.1690141,0.3943139,0.04840485,0.1669274,0.03156161
"rs9368222","CDKAL1",6,20686996,"C","A",0.2484799,0.04208803,0.06210486,0.05191035,0,0.1690141,0.3943139,0.04840485,0.1669274,0.03156161
"rs10440833","CDKAL1",6,20688121,"T","A",0.09361903,0.004264936,0.05927337,0.001211546,0,0.5714287,0.6268796,0.001086921,0,0.03045686
"rs4710941","CDKAL1",6,20694228,"C","T",4.210763e-08,0.03084832,0.5262433,0.0006655192,0.1408495,0.001260784,0.1329057,0.004569556,0.7100167,0.0006969732
"rs2206734","CDKAL1",6,20694884,"C","T",4.210766e-08,0.07142855,0.2512777,0.001390364,0.2468008,0.001421928,0.1849391,0.003000164,0.3941313,0.001880781
"rs6931514","CDKAL1",6,20703952,"A","G",1.380917e-08,0.2448979,0,0.2448981,0.02417589,0.02579689,0.03318228,0.04573213,0,0.1481482
"rs72830699","CDKAL1",6,20704424,"G","A",1.380917e-08,0.2448979,0,0.2448981,0.02417589,0.02579689,0.03318228,0.04573213,0,0.1481482
"rs11753081","CDKAL1",6,20705590,"T","G",0.07674416,0.08651727,0,0.6,0.08131316,0.1298961,0.1356654,0.0995023,0.1959811,0.1493916
"rs6901559","CDKAL1",6,20706230,"G","A",0.07674416,0.08651727,0,0.6,0,0.03960398,0.1356654,0.0995023,0,0.04528303
"rs1040558","CDKAL1",6,20713706,"A","G",0.0005260257,0.02442236,0.01876546,0.007978941,0.08975295,0.005427413,0.06111189,0.008039751,0.2835106,0.00624199
"rs6456371","CDKAL1",6,20714466,"T","C",0.0005260257,0.02442236,0.01876546,0.007978941,0.08975295,0.005427413,0.06111189,0.008039751,0.2835106,0.00624199
"rs10946402","CDKAL1",6,20715826,"T","G",0.2367171,0.05687375,0.598931,0.02827732,0.05777692,0.1298961,0.2869704,0.03073962,0.1391446,0.1602107
"rs9295478","CDKAL1",6,20716253,"G","A",0.2367171,0.05687375,0.598931,0.02827732,0.05777692,0.1298961,0.2869704,0.03073962,0.1391446,0.1602107
"rs2328547","CDKAL1",6,20716570,"A","G",0.02471319,0.02596342,0.108408,0.010462,0.05564607,0.01816998,0.1697439,0.009755504,0.1534893,0.006475372
"rs2328548","CDKAL1",6,20716958,"G","A",0.02471319,0.02596342,0.108408,0.010462,0.05564607,0.01816998,0.1697439,0.009755504,0.1534893,0.006475372
"rs6935599","CDKAL1",6,20717095,"A","G",0.02471319,0.02596342,0.108408,0.010462,0.05564607,0.01816998,0.1697439,0.009755504,0.1534893,0.006475372
"rs9465871","CDKAL1",6,20717255,"T","C",0.02471319,0.02596342,0.108408,0.010462,0.05564607,0.01816998,0.1697439,0.009755504,0.1534893,0.006475372
"rs10946403","CDKAL1",6,20717404,"A","G",0.02471319,0.02596342,0.108408,0.010462,0.05564607,0.01816998,0.1697439,0.009755504,0.1534893,0.006475372
"rs2328549","CDKAL1",6,20718240,"A","T",9.591155e-10,0.4444443,0.06418759,0.08299534,0.05727834,0.4179095,0.03318072,0.08299534,0.1959811,0.4481749
"rs9358357","CDKAL1",6,20719145,"A","G",9.591155e-10,0.4444443,0.06418759,0.08299534,0.05727834,0.4179095,0.03318072,0.08299534,0.1959811,0.4481749
"rs9368224","CDKAL1",6,20719232,"T","A",9.591155e-10,0.4444443,0.06418759,0.08299534,0.05727834,0.4179095,0.03318072,0.08299534,0.1959811,0.4481749
"rs9358358","CDKAL1",6,20719393,"A","C",9.591155e-10,0.4444443,0.06418759,0.08299534,0.05727834,0.4179095,0.03318072,0.08299534,0.1959811,0.4481749
"rs9460550","CDKAL1",6,20719561,"G","A",9.591155e-10,0.4444443,0.06418759,0.08299534,0.05727834,0.4179095,0.03318072,0.08299534,0.1959811,0.4481749
"rs9356746","CDKAL1",6,20720279,"T","C",0.0002435808,0.05294244,0.001467497,0.01398113,0.06048941,0.01724284,0,0.08053693,0.2079054,0.01849158
"rs9350272","CDKAL1",6,20720818,"A","G",0.0002435808,0.05294244,0.001467497,0.01398113,0.06048941,0.01724284,0,0.08053693,0.2079054,0.01849158
"rs9368226","CDKAL1",6,20723057,"T","C",0.1025428,0.004092649,0,0.1237113,0.3859011,0.001720875,0.2131207,0.005805373,0.6932736,0.00116039
"rs6903744","CDKAL1",6,20724250,"G","A",3.997337e-05,0.05440294,0.0003921015,0.04410897,0.1772919,0.01821688,0.4151321,0.01510419,0.2815041,0.02535634
"rs9356748","CDKAL1",6,20725097,"T","A",0.09667782,0.02320197,0.04518111,0.06622197,0,0.7500001,0.08258792,0.06174999,0.0001926288,0.3475719
"rs7767391","CDKAL1",6,20725240,"T","C",0.09667782,0.02320197,0.04518111,0.06622197,0,0.7500001,0.08258792,0.06174999,0.0001926288,0.3475719
"rs7741604","CDKAL1",6,20731524,"A","C",4.21077e-08,0.1445783,0.5261147,0.006069909,0.3716151,0.005089251,0,0.1445784,0,0.2553192
"rs72832309","CDKAL1",6,20733108,"T","G",0.1604446,0.01402965,0.502153,0.02497118,0.5970428,0.004493819,0.8089772,0.004399182,0.356066,0.004819265
"rs56017320","CDKAL1",6,20736186,"C","T",0.6149885,0.005168704,1.14538,0.003944212,1.540242,0.005516482,1.89651,0.00225496,2.140414,0.004170629
"rs9688471","CDKAL1",6,20736817,"C","T",0.6149885,0.005168704,1.14538,0.003944212,1.540242,0.005516482,1.89651,0.00225496,2.140414,0.004170629
"rs72832315","CDKAL1",6,20743501,"C","A",4.142014e-08,0.1348314,0.5023493,0.0008106608,0.1229854,0.004996002,0.6028779,0.001253349,0.2136691,0.00708677
"rs13266634","SLC30A8",8,118184783,"C","T",1.474218,0.003891228,1.493685,0.002797626,0.4962333,0.004293268,2.603545,0.001462092,0.720845,0.004937627
"rs3802177","SLC30A8",8,118185025,"G","A",1.474218,0.003891228,1.493685,0.002797626,0.4962333,0.004293268,2.603545,0.001462092,0.720845,0.004937627
"rs11558471","SLC30A8",8,118185733,"A","G",0.7477408,0.003753559,0.6273208,0.003085031,0.4237771,0.003760047,1.155264,0.003085031,0.5222782,0.003805003
"rs35859536","SLC30A8",8,118191475,"C","T",0.0183482,0.07568225,0,0.6666668,0.1870441,0.0618719,0.2734925,0.03507335,0.1215585,0.1335089
"rs9650069","SLC30A8",8,118204020,"C","T",0,2.4,0.1465142,0.3388339,0.04828363,0.2388697,0.404602,0.1106992,0.06071145,0.1273136
"rs4300038","SLC30A8",8,118217915,"G","A",0.4736746,0.003521051,0.1962382,0.004125381,0.000365211,0.09425678,1.203322,0.002302631,0.2213194,0.002618501
"rs2383208","CDKN2B",9,22132076,"A","G",0.3387358,0.009349269,0.09458206,0.01948587,0.1656661,0.01326183,1.545148e-09,0.2727272,0.01486598,0.02488226
"rs10965246","CDKN2B",9,22132698,"T","C",4.171875e-08,0.375,0.09458206,0.01948587,0.05914036,0.03820472,0.1161726,0.01217539,0.006673389,0.04393871
"rs10965247","CDKN2B",9,22132729,"A","G",4.171875e-08,0.375,0.09458206,0.01948587,0.05914036,0.03820472,0.1161726,0.01217539,0.006673389,0.04393871
"rs10965248","CDKN2B",9,22132878,"T","C",4.171875e-08,0.375,0.09458206,0.01948587,0.05914036,0.03820472,0.1161726,0.01217539,0.006673389,0.04393871
"rs10965250","CDKN2B",9,22133284,"G","A",4.171875e-08,0.375,0.09458206,0.01948587,0.05914036,0.03820472,0.1161726,0.01217539,0.006673389,0.04393871
"rs10811660","CDKN2B",9,22134068,"G","A",0.419086,0.07585207,0,0.4800002,0.3449936,0.1237438,6.845919e-10,1.333333,0.1028558,0.1636757
"rs10811661","CDKN2B",9,22134094,"T","C",0.419086,0.07585207,0,0.4800002,0.3449936,0.1237438,6.845919e-10,1.333333,0.1028558,0.1636757
"rs10811662","CDKN2B",9,22134253,"G","A",0.419086,0.07585207,0,0.4800002,0.3449936,0.1237438,6.845919e-10,1.333333,0.1028558,0.1636757
"rs1333051","CDKN2B",9,22136489,"A","T",0.3183303,0.00189169,0.5766688,0.00335406,0,0.0810811,0.2520614,0.002589775,0,0.06976747
"rs1317548","CDC123",10,12245520,"G","A",0,0.1875,0.01711823,0.02812097,0.1412393,0.01607345,0,0.09230771,0.1832565,0.01133566
"rs7895525","CDC123",10,12250620,"T","C",0.05697793,0.08299534,0.001208572,0.1920594,0.1115443,0.01561938,0.9098352,0.003405971,0.295841,0.01474331
"rs7100710","CDC123",10,12250861,"A","G",0.8038595,0.005197882,0.2430192,0.01561492,1.312781,0.002614671,1.672672,0.002187774,0.9316131,0.003386595
"rs12221133","CDC123",10,12253597,"G","A",0.170162,0.02681855,0.8304809,0.009916034,0.9506931,0.02145678,0.3643037,0.04300986,0.06831744,0.06100898
"rs7896600","CDC123",10,12255175,"G","C",1.657475,0.001909036,0.4097815,0.002131773,1.034303,0.001974659,0.885228,0.0009659606,1.010771,0.001896142
"rs11257600","CDC123",10,12255657,"G","T",1.657475,0.001909036,0.4097815,0.002131773,1.034303,0.001974659,0.885228,0.0009659606,1.010771,0.001896142
"rs10906100","CDC123",10,12260019,"C","T",0.2723833,0.04214344,0.505797,0.02770378,0.3243166,0.04519549,0.2427886,0.03416918,0.2476125,0.05197871
"rs35674932","CDC123",10,12261810,"A","T",3.201907,0.002532894,0.9579294,0.00554737,0.5777252,0.007405742,0.07560285,0.0303888,0.7416909,0.003730815
"rs12780155","CDC123",10,12261852,"T","A",3.201907,0.002532894,0.9579294,0.00554737,0.5777252,0.007405742,0.07560285,0.0303888,0.7416909,0.003730815
"rs4747969","CDC123",10,12297230,"C","T",0.3973063,0.002596132,0.1674136,0.002902688,0.4376172,0.001962756,0.009768037,0.01490925,1.053648,0.001591369
"rs11187138","HHEX",10,94460281,"A","G",0,0.1578948,0.1664653,0.0418244,0.4533737,0.00898248,0,0.1578947,0.04058208,0.009632997
"rs10882099","HHEX",10,94460650,"T","C",0,0.1578948,0.1664653,0.0418244,0.4533737,0.00898248,0,0.1578947,0.04058208,0.009632997
"rs10882101","HHEX",10,94462427,"T","C",0,0.03183025,0.7150677,0.0009378464,0.527177,0.0008082899,0,0.06030153,0.2425355,0.0008668271
"rs1111875","HHEX",10,94462882,"C","T",0,0.8571429,0.3450468,0.01059552,0.2408486,0.005647232,0,0.8571429,0.3742259,0.00581038
"rs1977832","HHEX",10,94463779,"G","T",0,0.8571429,0.3450468,0.01059552,0.2408486,0.005647232,0,0.8571429,0.3742259,0.00581038
"rs1977833","HHEX",10,94463945,"G","A",0,0.8571429,0.3450468,0.01059552,0.2408486,0.005647232,0,0.8571429,0.3742259,0.00581038
"rs12778642","HHEX",10,94464307,"G","T",0,0.2608696,0.5266553,0.0007588468,0.5387728,0.0006390383,0,0.03361345,0,0.06217618
"rs5015480","HHEX",10,94465559,"C","T",0.5698367,0.005030344,0.2179418,0.01188064,0.469761,0.005394644,0.1691303,0.005394644,0.4801814,0.005134025
"rs11187139","HHEX",10,94466427,"T","C",0.5698367,0.005030344,0.2179418,0.01188064,0.469761,0.005394644,0.1691303,0.005394644,0.4801814,0.005134025
"rs12219514","HHEX",10,94466439,"A","G",0.5698367,0.005030344,0.2179418,0.01188064,0.469761,0.005394644,0.1691303,0.005394644,0.4801814,0.005134025
"rs10882102","HHEX",10,94466495,"G","C",0.5698367,0.005030344,0.2179418,0.01188064,0.469761,0.005394644,0.1691303,0.005394644,0.4801814,0.005134025
"rs11187140","HHEX",10,94466910,"G","A",0.03143977,0.007137145,0.9499195,0.0008809107,0.2658277,0.007137146,0.0002240056,0.09425678,0.2796967,0.002344466
"rs11187141","HHEX",10,94467145,"A","T",0.03143977,0.007137145,0.9499195,0.0008809107,0.2658277,0.007137146,0.0002240056,0.09425678,0.2796967,0.002344466
"rs34744311","HHEX",10,94467287,"C","T",0.03143977,0.007137145,0.9499195,0.0008809107,0.2658277,0.007137146,0.0002240056,0.09425678,0.2796967,0.002344466
"rs61862780","HHEX",10,94468643,"T","C",0.3556071,0.0006204366,0.8093663,0.0007135555,2.090898,0.0004690691,0,0.08333336,0.9893571,0.0005394695
"rs11187143","HHEX",10,94468934,"G","A",0.3556071,0.0006204366,0.8093663,0.0007135555,2.090898,0.0004690691,0,0.08333336,0.9893571,0.0005394695
"rs11187144","HHEX",10,94469980,"T","C",0,0.1875001,0.007123814,0.003349956,0.2266706,0.001785471,0.1869841,0.002161569,0.2905368,0.001785471
"rs10882104","HHEX",10,94470515,"T","C",0,0.1875001,0.007123814,0.003349956,0.2266706,0.001785471,0.1869841,0.002161569,0.2905368,0.001785471
"rs4933736","HHEX",10,94471595,"C","T",0,3.000001,0.3922371,0.04520766,0.2326315,0.09096273,0.1939271,0.1290296,0.5246776,0.04646361
"rs7087591","HHEX",10,94473629,"G","A",0.1866732,0.001117758,0,0.06896553,0.4050857,0.0003386001,0.0002305568,0.03196063,0,0.06896553
"rs10786053","HHEX",10,94474097,"G","A",0.1866732,0.001117758,0,0.06896553,0.4050857,0.0003386001,0.0002305568,0.03196063,0,0.06896553
"rs10882105","HHEX",10,94474111,"C","T",0.1866732,0.001117758,0,0.06896553,0.4050857,0.0003386001,0.0002305568,0.03196063,0,0.06896553
"rs10748582","HHEX",10,94477219,"T","A",0.2405813,0.007028565,8.631822e-05,0.0370428,0.5116692,0.001574484,0,0.07453418,0.1835906,0.001688509
"rs1832886","HHEX",10,94477539,"G","A",0.9751871,0.001402895,0.02443754,0.002015003,1.663767,0.001175151,0.3615559,0.004348028,0.8694767,0.001198073
"rs7898054","HHEX",10,94477870,"C","T",0.9751871,0.001402895,0.02443754,0.002015003,1.663767,0.001175151,0.3615559,0.004348028,0.8694767,0.001198073
"rs1112718","HHEX",10,94479107,"A","G",0.07494277,0.01635675,0.05962869,0.001881316,0.276254,0.003054452,0.009693456,0.003767287,1.212195,0.001442251
"rs10882106","HHEX",10,94480334,"C","T",2.568963,0.0005035301,0.2978386,0.0007142514,2.57285,0.000536023,0.1703123,0.00140362,1.934964,0.0005052705
"rs7923837","HHEX",10,94481917,"G","A",0.1934575,0.0318284,0.0974181,0.05192432,0.5643561,0.02922561,0.242946,0.0318284,0.1792458,0.03182839
"rs7923866","HHEX",10,94482076,"C","T",0.1934575,0.0318284,0.0974181,0.05192432,0.5643561,0.02922561,0.242946,0.0318284,0.1792458,0.03182839
"rs2497306","HHEX",10,94485211,"A","C",0,0.05263159,0.2281214,0.003055634,5.121301e-08,0.03380281,0,0.02443992,0.1050601,0.00534592
"rs2497305","HHEX",10,94485621,"C","T",0.1845901,0.03350358,0.2379381,0.05465718,0.09364379,0.03350357,0,0.6315791,0.3255399,0.03592992
"rs11187149","HHEX",10,94485763,"G","A",0.1845901,0.03350358,0.2379381,0.05465718,0.09364379,0.03350357,0,0.6315791,0.3255399,0.03592992
"rs1544210","HHEX",10,94487801,"G","A",0.03659792,0.0137011,0,0.05172416,5.121308e-08,0.15,0.0002240056,0.06951437,0.1939521,0.009617488
"rs2488075","HHEX",10,94490174,"T","C",0,0.1142857,0.1608208,0.002956298,5.121303e-08,0.521739,0,0.06,0.1712148,0.001264904
"rs2497304","HHEX",10,94492716,"C","T",1.631725,0.0007958296,0.7188217,0.001169502,0.6166758,0.0008244702,1.651834,0.0009482117,0.8014045,0.0009177145
"rs12243578","TCF7L2",10,114733456,"C","T",0.4465121,0.01106992,0.8937863,0.007277019,0.8769894,0.009625298,0.8999603,0.008516308,0.6476669,0.008975301
"rs11196174","TCF7L2",10,114734096,"A","G",2.488415,0.001491903,2.812055,0.0009807304,1.114926,0.00231707,2.077922,0.001209609,1.313137,0.001744233
"rs11196175","TCF7L2",10,114736614,"T","C",0.3974312,0.005123377,0.3421514,0.003967936,0.1474363,0.005892324,0.7445148,0.004777394,0.291346,0.004108681
"rs6585196","TCF7L2",10,114737050,"C","T",0.3974312,0.005123377,0.3421514,0.003967936,0.1474363,0.005892324,0.7445148,0.004777394,0.291346,0.004108681
"rs7080591","TCF7L2",10,114740617,"C","T",0.1068679,0.004873688,0.9609153,0.001120325,0.3429865,0.003271597,0.1525898,0.004861261,0.9169862,0.001120324
"rs7081062","TCF7L2",10,114740745,"G","A",0.1068679,0.004873688,0.9609153,0.001120325,0.3429865,0.003271597,0.1525898,0.004861261,0.9169862,0.001120324
"rs10128255","TCF7L2",10,114742835,"G","A",0.7313494,0.002318658,1.924409,0.0005471,0.3840272,0.002583024,0.5392998,0.002332378,0.1749257,0.001349507
"rs7895307","TCF7L2",10,114743961,"A","G",0.7313494,0.002318658,1.924409,0.0005471,0.3840272,0.002583024,0.5392998,0.002332378,0.1749257,0.001349507
"rs4073980","TCF7L2",10,114746580,"C","G",0.3317243,0.009963031,0.7011718,0.005685171,0.5510821,0.008064349,1.152165,0.007011953,0.6016518,0.00823
"rs4073288","TCF7L2",10,114747277,"G","A",1.80992,0.002519203,2.391436,0.003832252,2.171023,0.003806399,2.028936,0.004109787,2.698484,0.002042527
"rs11196180","TCF7L2",10,114748029,"A","T",1.80992,0.002519203,2.391436,0.003832252,2.171023,0.003806399,2.028936,0.004109787,2.698484,0.002042527
"rs4074720","TCF7L2",10,114748497,"C","T",0.516428,0.01856157,1.009585,0.009458452,0.2891089,0.01308546,0.6652581,0.0122018,0.2597419,0.01087803
"rs4074718","TCF7L2",10,114748617,"G","A",0.516428,0.01856157,1.009585,0.009458452,0.2891089,0.01308546,0.6652581,0.0122018,0.2597419,0.01087803
"rs75933965","TCF7L2",10,114749421,"G","A",0.516428,0.01856157,1.009585,0.009458452,0.2891089,0.01308546,0.6652581,0.0122018,0.2597419,0.01087803
"rs35011184","TCF7L2",10,114749734,"G","A",0.08082485,0.008313543,1.384402,0.001759443,0.2585422,0.004787172,0.133405,0.007228628,0.1462099,0.008528193
"rs61875118","TCF7L2",10,114750236,"T","C",0.08082485,0.008313543,1.384402,0.001759443,0.2585422,0.004787172,0.133405,0.007228628,0.1462099,0.008528193
"rs61875119","TCF7L2",10,114750380,"G","A",0.08082485,0.008313543,1.384402,0.001759443,0.2585422,0.004787172,0.133405,0.007228628,0.1462099,0.008528193
"rs72826075","TCF7L2",10,114750500,"A","G",0.08082485,0.008313543,1.384402,0.001759443,0.2585422,0.004787172,0.133405,0.007228628,0.1462099,0.008528193
"rs17747324","TCF7L2",10,114752503,"T","C",0.0703716,0.522387,0.06454589,0.4871103,0.05836867,0.4871102,0.01534272,1.127221,0.03327386,0.4871103
"rs7911250","TCF7L2",10,114752585,"C","T",0.0703716,0.522387,0.06454589,0.4871103,0.05836867,0.4871102,0.01534272,1.127221,0.03327386,0.4871103
"rs61875120","TCF7L2",10,114753259,"T","C",0.0703716,0.522387,0.06454589,0.4871103,0.05836867,0.4871102,0.01534272,1.127221,0.03327386,0.4871103
"rs34347733","TCF7L2",10,114753800,"C","T",0.2722306,0.0007489537,3.183675,0.0005741256,1.121141,0.001454061,1.696587,0.0006111248,0.08667147,0.006790547
"rs34872471","TCF7L2",10,114754071,"T","C",0.2722306,0.0007489537,3.183675,0.0005741256,1.121141,0.001454061,1.696587,0.0006111248,0.08667147,0.006790547
"rs7901695","TCF7L2",10,114754088,"T","C",0.2722306,0.0007489537,3.183675,0.0005741256,1.121141,0.001454061,1.696587,0.0006111248,0.08667147,0.006790547
"rs35198068","TCF7L2",10,114754784,"T","C",0.2722306,0.0007489537,3.183675,0.0005741256,1.121141,0.001454061,1.696587,0.0006111248,0.08667147,0.006790547
"rs4506565","TCF7L2",10,114756041,"A","T",0.1402605,0.01802237,0.02197376,0.006771729,1.087464e-07,0.1034483,0.09956414,0.02222835,9.003357e-05,0.05915882
"rs7903146","TCF7L2",10,114758349,"C","T",0.2790751,0.001221694,0.5831333,0.0006866501,0.6718588,0.0009905282,1.08068,0.0009369744,0,0.1290323
"rs4267006","TCF7L2",10,114758779,"G","T",0.2790751,0.001221694,0.5831333,0.0006866501,0.6718588,0.0009905282,1.08068,0.0009369744,0,0.1290323
"rs11196187","TCF7L2",10,114759445,"G","A",0.08571836,0.007955555,0,0.07453418,0.1987867,0.007270303,0.3476321,0.00628275,0,0.07453417
"rs35801464","TCF7L2",10,114760284,"C","T",0,0.08163266,1.533621,0.0006284819,1.988098,0.0009067017,1.293191,0.0008986868,0.8183623,0.0007883772
"rs10885402","TCF7L2",10,114761697,"A","C",0.8321802,0.01064415,1.698082,0.00750387,0.8156315,0.0156819,1.369248,0.008630097,1.061258,0.009925353
"rs6585197","TCF7L2",10,114762064,"G","T",0.8321802,0.01064415,1.698082,0.00750387,0.8156315,0.0156819,1.369248,0.008630097,1.061258,0.009925353
"rs6585198","TCF7L2",10,114762237,"G","A",0.8321802,0.01064415,1.698082,0.00750387,0.8156315,0.0156819,1.369248,0.008630097,1.061258,0.009925353
"rs10787471","TCF7L2",10,114764661,"G","A",0.407177,0.01203252,0.8251575,0.008482635,0.458339,0.01203252,0.8997487,0.009755761,0.5951192,0.01121996
"rs12266632","TCF7L2",10,114764959,"C","G",0.407177,0.01203252,0.8251575,0.008482635,0.458339,0.01203252,0.8997487,0.009755761,0.5951192,0.01121996
"rs6585199","TCF7L2",10,114765171,"G","A",0.407177,0.01203252,0.8251575,0.008482635,0.458339,0.01203252,0.8997487,0.009755761,0.5951192,0.01121996
"rs4575195","TCF7L2",10,114765747,"C","A",0.2803504,0.001975515,0.4819369,0.001616734,0.9209901,0.001864833,0.8297385,0.00173094,0.7719697,0.001614049
"rs4132670","TCF7L2",10,114767771,"G","A",0.1514675,0.003445452,0.1763919,0.002986654,0.1295625,0.002111982,0.5952037,0.00173761,0.04587185,0.003388524
"rs6585200","TCF7L2",10,114768609,"A","G",1.133566,0.001392073,0.0242836,0.0115133,0.04289195,0.001492888,1.348791,0.001298067,0.5016799,0.001298066
"rs6585201","TCF7L2",10,114768783,"G","A",1.133566,0.001392073,0.0242836,0.0115133,0.04289195,0.001492888,1.348791,0.001298067,0.5016799,0.001298066
"rs55899248","TCF7L2",10,114773608,"A","G",0.442482,0.1106992,1.056748,0.07804026,0.5487269,0.1106992,0.8773318,0.08975299,0.6072296,0.1106992
"rs12244851","TCF7L2",10,114773926,"C","T",0.442482,0.1106992,1.056748,0.07804026,0.5487269,0.1106992,0.8773318,0.08975299,0.6072296,0.1106992
"rs7904519","TCF7L2",10,114773927,"A","G",0.442482,0.1106992,1.056748,0.07804026,0.5487269,0.1106992,0.8773318,0.08975299,0.6072296,0.1106992
"rs36090025","TCF7L2",10,114774433,"A","C",0.442482,0.1106992,1.056748,0.07804026,0.5487269,0.1106992,0.8773318,0.08975299,0.6072296,0.1106992
"rs7918599","TCF7L2",10,114777396,"C","T",0,0.1558442,1.26982,0.001289555,0.3005361,0.001961692,0.3893862,0.001705691,0.9027922,0.001705691
"rs10885405","TCF7L2",10,114777670,"C","T",0.0006413416,0.08102508,0.6406616,0.001490972,0.5540991,0.002248124,0.8863226,0.001699779,0.5490886,0.001477846
"rs10885406","TCF7L2",10,114777724,"A","G",0.0006413416,0.08102508,0.6406616,0.001490972,0.5540991,0.002248124,0.8863226,0.001699779,0.5490886,0.001477846
"rs11196190","TCF7L2",10,114778252,"A","G",0.0006413416,0.08102508,0.6406616,0.001490972,0.5540991,0.002248124,0.8863226,0.001699779,0.5490886,0.001477846
"rs12762233","TCF7L2",10,114779013,"C","T",0,0.2181819,0.7716415,0.008750268,0.1811704,0.01241216,0.3580543,0.01157396,0.2638027,0.01157396
"rs7899529","TCF7L2",10,114779538,"G","A",0,0.2181819,0.7716415,0.008750268,0.1811704,0.01241216,0.3580543,0.01157396,0.2638027,0.01157396
"rs11196191","TCF7L2",10,114780633,"A","C",0.5706959,0.02278558,2.275273,0.0005032795,0.9209774,0.0007019251,1.955471,0.0005691089,1.601353,0.0005805771
"rs10787472","TCF7L2",10,114781297,"A","C",0.5706959,0.02278558,2.275273,0.0005032795,0.9209774,0.0007019251,1.955471,0.0005691089,1.601353,0.0005805771
"rs10787473","TCF7L2",10,114781400,"C","A",0.5706959,0.02278558,2.275273,0.0005032795,0.9209774,0.0007019251,1.955471,0.0005691089,1.601353,0.0005805771
"rs12258200","TCF7L2",10,114781698,"T","C",0,0.1445784,0.7793557,0.005406808,0.4463406,0.00856212,0.5639912,0.007669493,0.2590176,0.007669494
"rs12258274","TCF7L2",10,114781863,"T","G",0,0.1445784,0.7793557,0.005406808,0.4463406,0.00856212,0.5639912,0.007669493,0.2590176,0.007669494
"rs55853916","TCF7L2",10,114781950,"G","C",0,0.1445784,0.7793557,0.005406808,0.4463406,0.00856212,0.5639912,0.007669493,0.2590176,0.007669494
"rs11196192","TCF7L2",10,114782287,"T","G",0,0.1445784,0.7793557,0.005406808,0.4463406,0.00856212,0.5639912,0.007669493,0.2590176,0.007669494
"rs55972445","TCF7L2",10,114782790,"G","T",0,0.1445784,0.7793557,0.005406808,0.4463406,0.00856212,0.5639912,0.007669493,0.2590176,0.007669494
"rs6585202","TCF7L2",10,114782803,"T","C",0,0.1445784,0.7793557,0.005406808,0.4463406,0.00856212,0.5639912,0.007669493,0.2590176,0.007669494
"rs7921525","TCF7L2",10,114783333,"C","T",0.3280861,0.003731336,2.720303,0.0003470944,0.9957432,0.0004580467,2.728859,0.0003888625,0.853011,0.004001561
"rs6585203","TCF7L2",10,114783403,"C","G",0.3280861,0.003731336,2.720303,0.0003470944,0.9957432,0.0004580467,2.728859,0.0003888625,0.853011,0.004001561
"rs6585204","TCF7L2",10,114783586,"C","G",0.3280861,0.003731336,2.720303,0.0003470944,0.9957432,0.0004580467,2.728859,0.0003888625,0.853011,0.004001561
"rs11196193","TCF7L2",10,114783838,"T","C",0.3280861,0.003731336,2.720303,0.0003470944,0.9957432,0.0004580467,2.728859,0.0003888625,0.853011,0.004001561
"rs4309084","TCF7L2",10,114785278,"A","G",0,0.1081082,2.06172,0.0007865788,0.3286605,0.001115753,1.68041,0.001040406,0.5725173,0.001115753
"rs7074440","TCF7L2",10,114785424,"G","A",0,0.1081082,2.06172,0.0007865788,0.3286605,0.001115753,1.68041,0.001040406,0.5725173,0.001115753
"rs4128598","TCF7L2",10,114785939,"A","G",0,0.6000001,0.08418817,0.1482,0.03183521,0.1704427,0.05467381,0.1120437,0.03872197,0.1120437
"rs4128597","TCF7L2",10,114786154,"A","G",0,0.6000001,0.08418817,0.1482,0.03183521,0.1704427,0.05467381,0.1120437,0.03872197,0.1120437
"rs7924080","TCF7L2",10,114787012,"T","C",3.206857,0.0004594763,8.189259,0.0002952402,4.585294,0.0004276043,6.939901,0.0003933874,4.667007,0.0003987282
"rs7907610","TCF7L2",10,114787090,"A","G",3.206857,0.0004594763,8.189259,0.0002952402,4.585294,0.0004276043,6.939901,0.0003933874,4.667007,0.0003987282
"rs56299331","TCF7L2",10,114788436,"C","T",0.08242651,0.01197031,0.827022,0.007123254,0.482668,0.01016118,0.5906012,0.01010425,0.2584889,0.01010425
"rs12243326","TCF7L2",10,114788815,"T","C",0.08242651,0.01197031,0.827022,0.007123254,0.482668,0.01016118,0.5906012,0.01010425,0.2584889,0.01010425
"rs7077039","TCF7L2",10,114789077,"T","C",0.08242651,0.01197031,0.827022,0.007123254,0.482668,0.01016118,0.5906012,0.01010425,0.2584889,0.01010425
"rs10885408","TCF7L2",10,114791388,"A","G",0.2747191,0.00731911,0.05623786,0.03739594,0.02836435,0.04203268,0.2442221,0.007319109,0.1667563,0.007440124
"rs12260037","TCF7L2",10,114791490,"C","T",0.2747191,0.00731911,0.05623786,0.03739594,0.02836435,0.04203268,0.2442221,0.007319109,0.1667563,0.007440124
"rs7086857","TCF7L2",10,114793237,"A","G",0.104273,0.002034058,0.7914041,0.0009734595,0.3027144,0.001380842,0.7720191,0.001380842,0.3185919,0.002415822
"rs12359102","TCF7L2",10,114793451,"G","A",0.104273,0.002034058,0.7914041,0.0009734595,0.3027144,0.001380842,0.7720191,0.001380842,0.3185919,0.002415822
"rs7900150","TCF7L2",10,114793823,"T","A",1.201268,0.0008660037,2.640291,0.0004488706,1.613262,0.0007060442,3.300037,0.0005536261,1.657491,0.002858478
"rs7919152","TCF7L2",10,114794719,"C","T",1.201268,0.0008660037,2.640291,0.0004488706,1.613262,0.0007060442,3.300037,0.0005536261,1.657491,0.002858478
"rs4367880","TCF7L2",10,114795256,"G","C",0,0.1558442,0.5529204,0.002739676,0.02267564,0.007014545,0,0.1558442,0.06285298,0.003178533
"rs7100927","TCF7L2",10,114796048,"A","G",0,0.1558442,0.5529204,0.002739676,0.02267564,0.007014545,0,0.1558442,0.06285298,0.003178533
"rs61872784","TCF7L2",10,114798893,"T","A",0.726933,0.002496345,2.629022,0.001641019,2.450747,0.002327767,0.7031767,0.01537441,0.4782803,0.04545139
"rs56087297","TCF7L2",10,114799172,"A","G",1.655028,0.001141855,3.363808,0.0008067649,2.012311,0.001224549,2.821553,0.0009278488,1.285985,0.001141854
"rs72826094","TCF7L2",10,114801488,"A","T",0.1709161,0.006475372,0.06877897,0.00489558,0.2372699,0.003218201,0.2770945,0.003568271,0.1118876,0.005630338
"rs7895340","TCF7L2",10,114801525,"G","A",0.1709161,0.006475372,0.06877897,0.00489558,0.2372699,0.003218201,0.2770945,0.003568271,0.1118876,0.005630338
"rs11196200","TCF7L2",10,114801938,"C","G",0.3018306,0.009870651,0,0.09917358,0.03363671,0.02817235,0.1320142,0.01058549,0.04740471,0.009870652
"rs11196201","TCF7L2",10,114803307,"A","T",0.1753869,0.00912939,1.108984,0.005596102,0.3408213,0.007938007,0.3411306,0.007401952,0.4704444,0.007401953
"rs61872786","TCF7L2",10,114806697,"G","A",1.076982,0.001723469,2.718427,0.001056446,2.684954,0.001450041,1.730279,0.001523467,2.304112,0.001216058
"rs11196205","TCF7L2",10,114807047,"G","C",0,0.1016949,0.1311268,0.001488025,1.110208,0.001293838,0.1500672,0.01333854,0.6005945,0.001438835
"rs10885409","TCF7L2",10,114808072,"T","C",0,0.1016949,0.1311268,0.001488025,1.110208,0.001293838,0.1500672,0.01333854,0.6005945,0.001438835
"rs12255372","TCF7L2",10,114808902,"G","T",0,0.0967742,0.8127116,0.0015273,1.689597,0.001238309,0.5183578,0.001604852,0,0.09677422
"rs12265291","TCF7L2",10,114810240,"T","C",0,0.5454546,0.102693,0.003397292,0.225763,0.004250497,0.01083239,0.003003949,0,0.2142858
"rs11196208","TCF7L2",10,114811316,"T","C",0.006069691,0.0247741,0.2884005,0.003992781,0.08408409,0.008093849,0.07703337,0.01670015,0.1636137,0.005087596
"rs7077247","TCF7L2",10,114812071,"T","C",0.006069691,0.0247741,0.2884005,0.003992781,0.08408409,0.008093849,0.07703337,0.01670015,0.1636137,0.005087596
"rs4077527","TCF7L2",10,114813041,"C","T",0,0.1121495,1.084411,0.000951251,0.3361939,0.001432241,0,0.1333334,0.2508571,0.00117325
"rs12718338","TCF7L2",10,114813047,"C","T",0,0.1121495,1.084411,0.000951251,0.3361939,0.001432241,0,0.1333334,0.2508571,0.00117325
"rs11196211","TCF7L2",10,114817009,"A","C",0.03468619,0.0631905,0.1071913,0.02730675,0.05993728,0.08963497,0.06996444,0.05494415,0.1101453,0.06776679
"rs35519679","TCF7L2",10,114818754,"G","A",0,0.1132075,0.7106609,0.001883337,0.1143746,0.004071552,0.7455762,0.003540216,0.435461,0.00251452
"rs12245680","TCF7L2",10,114820191,"T","C",0,0.02166066,1.576435,0.0006840366,0.003408493,0.006031615,0.07903731,0.001971843,0.4961222,0.0008376788
"rs4918788","TCF7L2",10,114820961,"G","A",0.2175302,0.01090926,0.127046,0.01017255,0.7866666,0.006235538,0.6295647,0.01015667,0.6813534,0.008845041
"rs11196212","TCF7L2",10,114821249,"T","C",0.2175302,0.01090926,0.127046,0.01017255,0.7866666,0.006235538,0.6295647,0.01015667,0.6813534,0.008845041
"rs61872790","TCF7L2",10,114821527,"A","G",0.2175302,0.01090926,0.127046,0.01017255,0.7866666,0.006235538,0.6295647,0.01015667,0.6813534,0.008845041
"rs11196213","TCF7L2",10,114821554,"C","T",0.2175302,0.01090926,0.127046,0.01017255,0.7866666,0.006235538,0.6295647,0.01015667,0.6813534,0.008845041
"rs4918789","TCF7L2",10,114821807,"T","G",0,0.4000001,0.6530064,0.008641374,0.05965736,0.0283655,0.05550835,0.01738739,0.1100643,0.02144519
"rs4917642","TCF7L2",10,114821949,"C","T",0,0.4000001,0.6530064,0.008641374,0.05965736,0.0283655,0.05550835,0.01738739,0.1100643,0.02144519
"rs7085989","TCF7L2",10,114822739,"A","G",0,0.4000001,0.6530064,0.008641374,0.05965736,0.0283655,0.05550835,0.01738739,0.1100643,0.02144519
"rs7087006","TCF7L2",10,114823426,"A","G",0,0.1290323,0.1637416,0.007340522,0.02687642,0.02863652,0.0916117,0.01377252,0.08945814,0.023218
"rs233446","CDKN1C",11,2837625,"A","C",1.535302,0.00663933,0.5051671,0.008224922,0.1604289,0.00801426,1.123822,0.006289726,0.8488685,0.007233725
"rs233450","CDKN1C",11,2844048,"A","G",0.6072022,0.003525799,0.0001151985,0.01573586,0.4243074,0.0009825492,0.7871259,0.0006020179,0,0.04938272
"rs233451","CDKN1C",11,2846427,"G","A",0.04506968,0.02533333,0.1686368,0.01665334,0.05909154,0.006710343,0.1297425,0.004730735,0.3932857,0.003464391
"rs234856","CDKN1C",11,2852328,"G","T",3.797327,0.0007873343,0.4377101,0.003946705,0.7608356,0.0009710791,2.516337,0.0007021374,1.089457,0.000905502
"rs234857","CDKN1C",11,2852529,"T","C",1.544966,0.000873062,0.2168947,0.003447862,0.9182182,0.001026232,1.018089,0.0008453904,0.09424932,0.001170237
"rs234859","CDKN1C",11,2852886,"T","C",1.544966,0.000873062,0.2168947,0.003447862,0.9182182,0.001026232,1.018089,0.0008453904,0.09424932,0.001170237
"rs234866","CDKN1C",11,2857897,"G","A",0.1235894,0.02861675,0.0715782,0.04353226,0,0.2500001,0.01032169,0.0352952,0,1
"rs458069","CDKN1C",11,2858800,"G","C",0.1235894,0.02861675,0.0715782,0.04353226,0,0.2500001,0.01032169,0.0352952,0,1
"rs4810424","HNF4A",20,42975023,"G","C",8.281919,0.0001414482,3.296096,0.000176129,1.566887,0.001807081,1.588162,0.0009976449,1.79721,0.0001695055
"rs1884613","HNF4A",20,42980415,"C","G",0.3356209,0.03009881,0.4022284,0.002550747,2.852915e-08,0.2105263,0.02285425,0.008206419,0.1564088,0.05222466
"rs1884614","HNF4A",20,42980519,"C","T",0.3356209,0.03009881,0.5958526,0.002559817,2.852915e-08,0.2105263,0.02285425,0.008206419,0.1564088,0.05222466
"rs4810425","HNF4A",20,42982912,"C","T",4.93303,0.0009697996,2.900293,0.0172266,3.269219,0.0008604445,2.829372,0.0007624073,2.325084,0.0008198987
"rs2144908","HNF4A",20,42985717,"G","A",5.49568,0.001797925,1.375308,0.004916737,3.556312,0.01629048,0.9983412,0.05130123,1.733858,0.005566113
"rs4812829","HNF4A",20,42989267,"G","A",2.275621,0.0005539657,0.2166887,0.002985292,2.006386,0.000768065,0.647022,0.001343073,0,0.07741936
"rs16988991","HNF4A",20,42989777,"G","A",2.275621,0.0005539657,1.452861,0.001306575,1.205115,0.005620637,0.1348567,0.1308546,0.06514027,0.04573212
"rs34203881","HNF4A",20,42990953,"G","A",2.507643,0.0003771142,2.8592,0.0003528475,3.3606,0.0002915179,0.7521817,0.001853455,0.1113066,0.001293645
"rs12480772","HNF4A",20,42993114,"T","C",4.541915,0.0001892422,1.590603,0.000306917,2.803722,0.000197014,1.554379,0.0007226296,0.3939945,0.0004214097
"rs12625671","HNF4A",20,42994812,"T","C",1.163541,0.00154585,0.6881108,0.001682244,0.2593899,0.009841404,0.1353377,0.1308546,0.4874544,0.0114183
"rs55886102","HNF4A",20,42996110,"G","C",1.15879,0.0006557155,0.2912006,0.03452038,0.5888337,0.004726608,0.11246,0.1208855,0.1049929,0.001018583
"rs13039863","HNF4A",20,42996184,"G","C",1.15879,0.0006557155,0.2912006,0.03452038,0.5888337,0.004726608,0.11246,0.1208855,0.1823995,0.1210447
"rs6103716","HNF4A",20,42999630,"A","C",0.2647697,0.003766292,1.159934,0.0008843758,1.91392,0.008498747,0.1819513,1.120437,0.1603233,0.057
"rs4810426","HNF4A",20,43001721,"C","T",2.662312,0.0003542432,0.2778088,0.02361921,1.065488,0.0005587027,0.559997,0.00143056,0.2965945,0.001422429
"rs36112520","HNF4A",20,43003122,"G","A",0.4372478,0.0009065542,0.19948,0.007513699,0.07329796,0.006872691,1.092167,0.0009360015,0.1869982,0.001328384
"rs56307709","HNF4A",20,43011563,"C","T",6.410693,7.724675e-05,2.075064,0.0001023317,0.9677472,0.002027359,0.694938,0.001378127,0.1128572,0.002150597
