Gene,Chromosome,dbSNP,Reference,Alternate,Position,P_Value,Minor_Allele,varId,zScore
TCF7L2,10,rs7903146,C,T,114758349,8.678000000000001e-55,T,10:114758349:C:T,15.544871
TCF7L2,10,rs35198068,T,C,114754784,4.896e-54,C,10:114754784:T:C,15.455129
TCF7L2,10,rs34872471,T,C,114754071,1.211e-53,C,10:114754071:T:C,15.416667
TCF7L2,10,rs4506565,A,T,114756041,1.144e-51,T,10:114756041:A:T,15.141935
TCF7L2,10,rs12244851,C,T,114773926,4.739e-50,T,10:114773926:C:T,14.891026
TCF7L2,10,rs7901695,T,C,114754088,1.643e-49,C,10:114754088:T:C,14.76282
TCF7L2,10,rs36090025,A,C,114774433,8.094999999999999e-47,C,10:114774433:A:C,14.3375
TCF7L2,10,rs7074440,G,A,114785424,1.728e-46,A,10:114785424:G:A,14.279503
TCF7L2,10,rs4575195,C,A,114765747,4.364e-45,A,10:114765747:C:A,14.056603
TCF7L2,10,rs4132670,G,A,114767771,6.988999999999999e-45,A,10:114767771:G:A,14.0188675
TCF7L2,10,rs35519679,G,A,114818754,4.929999999999999e-41,A,10:114818754:G:A,13.401197
TCF7L2,10,rs12260037,C,T,114791490,6.019e-40,T,10:114791490:C:T,13.212121
TCF7L2,10,rs12255372,G,T,114808902,7.553e-40,T,10:114808902:G:T,13.219512
TCF7L2,10,rs61872784,T,A,114798893,1.821e-39,A,10:114798893:T:A,13.169697
TCF7L2,10,rs12243326,T,C,114788815,2.736e-39,C,10:114788815:T:C,13.084848
TCF7L2,10,rs56087297,A,G,114799172,3.09e-39,G,10:114799172:A:G,13.133333
TCF7L2,10,rs35011184,G,A,114749734,3.542e-39,A,10:114749734:G:A,13.059524
TCF7L2,10,rs72826075,A,G,114750500,3.704e-39,G,10:114750500:A:G,13.1197605
TCF7L2,10,rs61875118,T,C,114750236,4.987e-39,C,10:114750236:T:C,13.101796
TCF7L2,10,rs61875120,T,C,114753259,6.174e-39,C,10:114753259:T:C,13.078313
TCF7L2,10,rs17747324,T,C,114752503,7.412e-39,C,10:114752503:T:C,13.02994
TCF7L2,10,rs11196211,A,C,114817009,2.617e-38,C,10:114817009:A:C,12.928572
TCF7L2,10,rs4267006,G,T,114758779,3.285e-35,T,10:114758779:G:T,12.356725
TCF7L2,10,rs61875119,G,A,114750380,9.554e-35,A,10:114750380:G:A,12.271676
TCF7L2,10,rs55899248,A,G,114773608,2.389e-34,G,10:114773608:A:G,12.229412
TCF7L2,10,rs55853916,G,C,114781950,2.429e-34,C,10:114781950:G:C,12.192983
TCF7L2,10,rs55972445,G,T,114782790,3.658e-34,T,10:114782790:G:T,12.217647
TCF7L2,10,rs6585199,G,A,114765171,1.451e-29,A,10:114765171:G:A,11.306123
TCF7L2,10,rs10885402,A,C,114761697,3.958e-29,C,10:114761697:A:C,11.168919
TCF7L2,10,rs6585198,G,A,114762237,4.514e-29,A,10:114762237:G:A,11.231293
TCF7L2,10,rs6585197,G,T,114762064,5.572e-29,T,10:114762064:G:T,11.135135
TCF7L2,10,rs6585200,A,G,114768609,5.665e-29,G,10:114768609:A:G,11.204082
TCF7L2,10,rs7904519,A,G,114773927,5.828e-29,G,10:114773927:A:G,11.170068
TCF7L2,10,rs10787471,G,A,114764661,6.443e-29,A,10:114764661:G:A,11.147651
TCF7L2,10,rs11196190,A,G,114778252,8.183999999999999e-29,G,10:114778252:A:G,11.142858
TCF7L2,10,rs10787472,A,C,114781297,8.792999999999999e-29,C,10:114781297:A:C,11.136054
TCF7L2,10,rs10885406,A,G,114777724,8.99e-29,G,10:114777724:A:G,11.136054
TCF7L2,10,rs7899529,G,A,114779538,1.152e-28,A,10:114779538:G:A,11.142858
TCF7L2,10,rs7918599,C,T,114777396,1.21e-28,T,10:114777396:C:T,11.108844
TCF7L2,10,rs11196191,A,C,114780633,1.451e-28,C,10:114780633:A:C,11.095238
TCF7L2,10,rs10787473,C,A,114781400,1.504e-28,A,10:114781400:C:A,11.0472975
TCF7L2,10,rs12258200,T,C,114781698,1.52e-28,C,10:114781698:T:C,11.088435
TCF7L2,10,rs6585203,C,G,114783403,1.571e-28,G,10:114783403:C:G,11.115646
TCF7L2,10,rs7921525,C,T,114783333,1.895e-28,T,10:114783333:C:T,11.0472975
TCF7L2,10,rs11196193,T,C,114783838,2.598e-28,C,10:114783838:T:C,11.0
TCF7L2,10,rs4074718,G,A,114748617,2.677e-28,A,10:114748617:G:A,11.013333
TCF7L2,10,rs4074720,C,T,114748497,3.112e-28,T,10:114748497:C:T,11.0
TCF7L2,10,rs4309084,A,G,114785278,5.153e-28,G,10:114785278:A:G,10.959459
TCF7L2,10,rs4073980,C,G,114746580,1.295e-27,G,10:114746580:C:G,10.900662
TCF7L2,10,rs4128598,A,G,114785939,1.575e-27,G,10:114785939:A:G,10.885135
TCF7L2,10,rs56299331,C,T,114788436,2.005e-27,T,10:114788436:C:T,10.832402
TCF7L2,10,rs4367880,G,C,114795256,2.42e-27,C,10:114795256:G:C,10.810056
TCF7L2,10,rs4128597,A,G,114786154,3.877e-27,G,10:114786154:A:G,10.783784
TCF7L2,10,rs7907610,A,G,114787090,4.655e-27,G,10:114787090:A:G,10.756757
TCF7L2,10,rs7924080,T,C,114787012,5.075e-27,C,10:114787012:T:C,10.75
TCF7L2,10,rs6585201,G,A,114768783,5.094e-27,A,10:114768783:G:A,10.76
TCF7L2,10,rs61872786,G,A,114806697,6.407e-27,A,10:114806697:G:A,10.752809
TCF7L2,10,rs72826094,A,T,114801488,9.312e-27,T,10:114801488:A:T,10.681564
TCF7L2,10,rs61872790,A,G,114821527,2.829e-26,G,10:114821527:A:G,10.593407
TCF7L2,10,rs7895340,G,A,114801525,3.816000000000001e-26,A,10:114801525:G:A,10.594595
TCF7L2,10,rs7086857,A,G,114793237,4.467e-26,G,10:114793237:A:G,10.560811
TCF7L2,10,rs10885408,A,G,114791388,5.004e-26,G,10:114791388:A:G,10.516779
TCF7L2,10,rs12359102,G,A,114793451,5.117e-26,A,10:114793451:G:A,10.5472975
TCF7L2,10,rs7900150,T,A,114793823,5.346e-26,A,10:114793823:T:A,10.567568
TCF7L2,10,rs11196205,G,C,114807047,5.544e-26,C,10:114807047:G:C,10.564626
TCF7L2,10,rs10885409,T,C,114808072,7.849e-26,C,10:114808072:T:C,10.530612
TCF7L2,10,rs11196208,T,C,114811316,1.104e-25,C,10:114811316:T:C,10.510204
TCF7L2,10,rs11196200,C,G,114801938,1.119e-25,G,10:114801938:C:G,10.449664
TCF7L2,10,rs12265291,T,C,114810240,1.732e-25,C,10:114810240:T:C,10.462585
TCF7L2,10,rs12718338,C,T,114813047,2.516e-25,T,10:114813047:C:T,10.378378
TCF7L2,10,rs4077527,C,T,114813041,2.876e-25,T,10:114813041:C:T,10.364865
TCF7L2,10,rs4918789,T,G,114821807,2.125e-24,G,10:114821807:T:G,10.217687
TCF7L2,10,rs4917642,C,T,114821949,4.09e-24,T,10:114821949:C:T,10.101352
TCF7L2,10,rs10885405,C,T,114777670,4.751e-24,T,10:114777670:C:T,10.09396
TCF7L2,10,rs6585202,T,C,114782803,7.09e-24,C,10:114782803:T:C,10.067114
TCF7L2,10,rs4918788,G,A,114820961,7.712e-24,A,10:114820961:G:A,10.095238
TCF7L2,10,rs11196212,T,C,114821249,9.132e-24,C,10:114821249:T:C,10.07483
TCF7L2,10,rs6585204,C,G,114783586,9.316e-24,G,10:114783586:C:G,10.053691
TCF7L2,10,rs7087006,A,G,114823426,1.024e-23,G,10:114823426:A:G,10.066225
TCF7L2,10,rs7100927,A,G,114796048,4.496e-22,G,10:114796048:A:G,9.691276
TCF7L2,10,rs7919152,C,T,114794719,4.88e-22,T,10:114794719:C:T,9.626667
TCF7L2,10,rs7077039,T,C,114789077,6.444e-22,C,10:114789077:T:C,9.6
TCF7L2,10,rs7077247,T,C,114812071,5.546e-21,C,10:114812071:T:C,9.409396
TCF7L2,10,rs11196213,C,T,114821554,4.487000000000001e-20,T,10:114821554:C:T,9.18792
TCF7L2,10,rs11196180,A,T,114748029,5.905e-19,T,10:114748029:A:T,8.915585
TCF7L2,10,rs4073288,G,A,114747277,6.711e-19,A,10:114747277:G:A,8.909091
TCF7L2,10,rs7085989,A,G,114822739,9.658e-19,G,10:114822739:A:G,8.853333
TCF7L2,10,rs12243578,C,T,114733456,1.887e-16,T,10:114733456:C:T,8.242938
TCF7L2,10,rs11196175,T,C,114736614,1.067e-15,C,10:114736614:T:C,8.0172415
TCF7L2,10,rs11196174,A,G,114734096,1.555e-15,G,10:114734096:A:G,7.9768786
IGF2BP2,3,rs6780171,T,A,185503456,4.786e-15,A,3:185503456:T:A,7.8299317
IGF2BP2,3,rs4402960,G,T,185511687,6.768e-15,T,3:185511687:G:T,7.7945204
IGF2BP2,3,rs34782298,G,A,185520996,7.496e-15,A,3:185520996:G:A,7.787671
IGF2BP2,3,rs6767484,A,G,185520578,7.734e-15,G,3:185520578:A:G,7.780822
IGF2BP2,3,rs10428126,T,C,185520342,8.677e-15,C,3:185520342:T:C,7.767123
IGF2BP2,3,rs7633811,C,G,185519848,8.7e-15,G,3:185519848:C:G,7.767123
IGF2BP2,3,rs7631557,G,C,185513646,8.984e-15,C,3:185513646:G:C,7.767123
IGF2BP2,3,rs7640539,T,A,185513296,9.032e-15,A,3:185513296:T:A,7.767123
IGF2BP2,3,rs4686696,G,A,185516520,9.09e-15,A,3:185516520:G:A,7.767123
IGF2BP2,3,rs7637773,G,A,185515635,9.184e-15,A,3:185515635:G:A,7.760274
IGF2BP2,3,rs11716713,G,C,185515610,9.187e-15,C,3:185515610:G:C,7.760274
IGF2BP2,3,rs11928319,G,C,185518241,9.246e-15,C,3:185518241:G:C,7.767123
IGF2BP2,3,rs6786649,C,A,185514223,9.253e-15,A,3:185514223:C:A,7.760274
IGF2BP2,3,rs7646518,T,C,185514931,9.254e-15,C,3:185514931:T:C,7.760274
IGF2BP2,3,rs7619401,G,A,185510006,9.496e-15,A,3:185510006:G:A,7.760274
IGF2BP2,3,rs11929397,T,C,185510190,9.589e-15,C,3:185510190:T:C,7.760274
IGF2BP2,3,rs76922886,G,A,185518921,1.112e-14,A,3:185518921:G:A,7.7465754
IGF2BP2,3,rs35510946,G,A,185518910,1.113e-14,A,3:185518910:G:A,7.7465754
IGF2BP2,3,rs11711477,T,A,185526690,1.115e-14,A,3:185526690:T:A,7.739726
IGF2BP2,3,rs7646519,G,A,185523853,1.201e-14,A,3:185523853:G:A,7.6938777
IGF2BP2,3,rs73063004,C,T,185526345,1.44e-14,T,3:185526345:C:T,7.7054796
IGF2BP2,3,rs1470579,A,C,185529080,1.489e-14,C,3:185529080:A:C,7.691781
IGF2BP2,3,rs1470580,T,A,185529174,1.58e-14,A,3:185529174:T:A,7.691781
IGF2BP2,3,rs6769511,T,C,185530290,1.598e-14,C,3:185530290:T:C,7.6849313
IGF2BP2,3,rs7630554,A,G,185526062,1.601e-14,G,3:185526062:A:G,7.691781
IGF2BP2,3,rs4414887,C,T,185506892,1.796e-14,T,3:185506892:C:T,7.678082
IGF2BP2,3,rs9859406,G,A,185534482,1.798e-14,A,3:185534482:G:A,7.6462584
IGF2BP2,3,rs7651090,A,G,185513392,1.812e-14,G,3:185513392:A:G,7.678082
IGF2BP2,3,rs11927381,T,C,185508591,1.874e-14,C,3:185508591:T:C,7.678082
IGF2BP2,3,rs4376068,A,C,185497635,1.972e-14,C,3:185497635:A:C,7.6530614
IGF2BP2,3,rs73061095,T,G,185516807,2.023e-14,G,3:185516807:T:G,7.657534
IGF2BP2,3,rs9854769,A,G,185520948,2.03e-14,G,3:185520948:A:G,7.657534
IGF2BP2,3,rs7615045,A,G,185521126,2.049e-14,G,3:185521126:A:G,7.657534
IGF2BP2,3,rs9808924,G,A,185514189,2.153e-14,A,3:185514189:G:A,7.650685
IGF2BP2,3,rs4481184,C,T,185505787,2.218e-14,T,3:185505787:C:T,7.657534
IGF2BP2,3,rs9841201,G,A,185505984,2.497e-14,A,3:185505984:G:A,7.6369863
IGF2BP2,3,rs11705729,A,T,185507299,2.558e-14,T,3:185507299:A:T,7.630137
IGF2BP2,3,rs7633675,T,G,185510613,2.68e-14,G,3:185510613:T:G,7.6164384
IGF2BP2,3,rs6765808,C,T,185508029,2.687e-14,T,3:185508029:C:T,7.6232877
IGF2BP2,3,rs13092876,G,A,185495320,2.724e-14,A,3:185495320:G:A,7.6190476
IGF2BP2,3,rs4389513,T,G,185506857,2.735e-14,G,3:185506857:T:G,7.630137
CDKAL1,6,rs7766070,C,A,20686573,2.058e-13,A,6:20686573:C:A,7.351852
IGF2BP2,3,rs11705701,G,A,185544309,2.307e-13,G,3:185544309:G:A,7.321918
IGF2BP2,3,rs764129,C,T,185547917,2.994e-13,C,3:185547917:C:T,7.2739725
CDKN2B,9,rs10811661,T,C,22134094,3.34e-13,C,9:22134094:T:C,-7.285714
CDKN2B,9,rs10811660,G,A,22134068,3.595e-13,A,9:22134068:G:A,-7.276498
IGF2BP2,3,rs66513933,T,C,185523370,5.149e-13,C,3:185523370:T:C,7.2287583
IGF2BP2,3,rs7640744,G,A,185522447,5.422e-13,A,3:185522447:G:A,7.2222223
CDKN2B,9,rs10811662,G,A,22134253,6.194e-13,A,9:22134253:G:A,-7.202765
CDKN2B,9,rs10965250,G,A,22133284,8.777e-13,A,9:22133284:G:A,-7.133641
IGF2BP2,3,rs35909974,C,T,185513079,8.924e-13,T,3:185513079:C:T,7.1503267
IGF2BP2,3,rs16860235,G,A,185512361,9.081e-13,A,3:185512361:G:A,7.1437907
IGF2BP2,3,rs16860234,A,C,185510884,1.273e-12,C,3:185510884:A:C,7.098039
CDKAL1,6,rs7756992,A,G,20679709,1.276e-12,G,6:20679709:A:G,7.0740743
CDKAL1,6,rs35261542,C,A,20675792,2.185e-12,A,6:20675792:C:A,7.04321
CDKN2B,9,rs2383208,A,G,22132076,2.271e-12,G,9:22132076:A:G,-7.014151
CDKAL1,6,rs9368222,C,A,20686996,3.038e-12,A,6:20686996:C:A,6.9634147
CDKN2B,9,rs10965248,T,C,22132878,3.415e-12,C,9:22132878:T:C,-6.966981
CDKN2B,9,rs10965246,T,C,22132698,3.977e-12,C,9:22132698:T:C,-6.9295774
CDKN2B,9,rs10965247,A,G,22132729,4.145e-12,G,9:22132729:A:G,-6.920188
CDKAL1,6,rs9348441,T,A,20680678,4.475e-12,A,6:20680678:T:A,6.902439
CDKAL1,6,rs2206734,C,T,20694884,6.187e-12,T,6:20694884:C:T,6.8562875
CDKAL1,6,rs7451008,T,C,20673880,7.197e-12,C,6:20673880:T:C,6.8580246
IGF2BP2,3,rs71320320,A,T,185487155,1.181e-11,T,3:185487155:A:T,6.785714
CDKAL1,6,rs35612982,T,C,20682622,1.316e-11,C,6:20682622:T:C,6.748503
CDKAL1,6,rs10440833,T,A,20688121,1.37e-11,A,6:20688121:T:A,6.779141
HNF4A,20,rs6103716,A,C,42999630,1.39e-11,C,20:42999630:A:C,6.768212
IGF2BP2,3,rs35430985,C,A,185488303,1.708e-11,A,3:185488303:C:A,6.716129
CDKAL1,6,rs6931514,A,G,20703952,1.813e-11,G,6:20703952:A:G,6.7177916
CDKAL1,6,rs10946403,A,G,20717404,2.489e-11,G,6:20717404:A:G,6.6626506
CDKAL1,6,rs10946402,T,G,20715826,2.765e-11,G,6:20715826:T:G,6.6686745
CDKAL1,6,rs6935599,A,G,20717095,3.337e-11,G,6:20717095:A:G,6.620482
CDKAL1,6,rs2328547,A,G,20716570,3.361e-11,G,6:20716570:A:G,6.626506
CDKAL1,6,rs2328548,G,A,20716958,3.82e-11,A,6:20716958:G:A,6.5963855
CDKAL1,6,rs6456371,T,C,20714466,3.933e-11,C,6:20714466:T:C,6.5963855
HNF4A,20,rs13039863,G,C,42996184,4.835e-11,C,20:42996184:G:C,6.5847955
CDKAL1,6,rs9465871,T,C,20717255,5.057e-11,C,6:20717255:T:C,6.5602407
HHEX,10,rs7087591,G,A,94473629,7.496e-11,G,10:94473629:G:A,-6.527397
HHEX,10,rs10882105,C,T,94474111,7.809e-11,T,10:94474111:C:T,-6.520548
HHEX,10,rs10786053,G,A,94474097,7.845e-11,A,10:94474097:G:A,-6.520548
CDKAL1,6,rs9368219,C,T,20674691,8.398e-11,T,6:20674691:C:T,6.497006
CDC123,10,rs10906100,C,T,12260019,8.404e-11,T,10:12260019:C:T,6.5027623
TCF7L2,10,rs11196201,A,T,114803307,8.737e-11,T,10:114803307:A:T,6.492625
TCF7L2,10,rs12245680,T,C,114820191,9.629e-11,C,10:114820191:T:C,6.4748425
CDC123,10,rs12780155,T,A,12261852,9.904e-11,A,10:12261852:T:A,6.4526315
HHEX,10,rs4933736,C,T,94471595,9.956e-11,T,10:94471595:C:T,-6.4489794
IGF2BP2,3,rs6801848,C,G,185499057,1.018e-10,G,3:185499057:C:G,6.4635763
IGF2BP2,3,rs4686392,A,G,185524081,1.02e-10,G,3:185524081:A:G,6.4733334
CDC123,10,rs35674932,A,T,12261810,1.135e-10,T,10:12261810:A:T,6.434066
CDKAL1,6,rs4710941,C,T,20694228,1.163e-10,T,6:20694228:C:T,6.452381
HNF4A,20,rs55886102,G,C,42996110,1.23e-10,C,20:42996110:G:C,6.4418607
HNF4A,20,rs56307709,C,T,43011563,1.273e-10,T,20:43011563:C:T,6.418079
HHEX,10,rs11187144,T,C,94469980,1.28e-10,T,10:94469980:T:C,-6.408163
HHEX,10,rs10882106,C,T,94480334,1.395e-10,T,10:94480334:C:T,-6.4041095
HHEX,10,rs7923866,C,T,94482076,1.451e-10,T,10:94482076:C:T,-6.39726
HHEX,10,rs10882104,T,C,94470515,1.471e-10,C,10:94470515:T:C,-6.387755
CDKAL1,6,rs67131976,C,T,20686878,1.502e-10,T,6:20686878:C:T,6.4166665
HHEX,10,rs7923837,G,A,94481917,1.514e-10,A,10:94481917:G:A,-6.3835616
HHEX,10,rs7898054,C,T,94477870,1.53e-10,T,10:94477870:C:T,-6.4041095
HHEX,10,rs10748582,T,A,94477219,1.547e-10,A,10:94477219:T:A,-6.4041095
HHEX,10,rs1832886,G,A,94477539,1.58e-10,A,10:94477539:G:A,-6.39726
HHEX,10,rs11187143,G,A,94468934,1.608e-10,A,10:94468934:G:A,-6.3809524
TCF7L2,10,rs12266632,C,G,114764959,1.62e-10,G,10:114764959:C:G,6.3927493
HHEX,10,rs1112718,A,G,94479107,1.635e-10,A,10:94479107:A:G,-6.390411
C3orf65,3,rs12636310,A,G,185469491,1.674e-10,G,3:185469491:A:G,6.3806453
TCF7L2,10,rs11196187,G,A,114759445,1.948e-10,A,10:114759445:G:A,6.3573575
HHEX,10,rs11187149,G,A,94485763,1.966e-10,A,10:94485763:G:A,-6.340136
C3orf65,3,rs10513800,C,A,185480388,2.127e-10,A,3:185480388:C:A,6.354839
CDKAL1,6,rs7748382,G,A,20665549,2.322e-10,A,6:20665549:G:A,6.3584905
HHEX,10,rs34744311,C,T,94467287,2.339e-10,C,10:94467287:C:T,-6.319728
C3orf65,3,rs6784050,C,T,185473132,2.711e-10,T,3:185473132:C:T,6.3184714
C3orf65,3,rs113805683,T,C,185471910,2.765e-10,C,3:185471910:T:C,6.3184714
HHEX,10,rs11187141,A,T,94467145,2.767e-10,T,10:94467145:A:T,-6.292517
CDKAL1,6,rs72830699,G,A,20704424,2.839e-10,A,6:20704424:G:A,6.2916665
C3orf65,3,rs6784185,G,A,185473065,3.109e-10,A,3:185473065:G:A,6.2929935
C3orf65,3,rs2053768,C,T,185465763,3.123e-10,T,3:185465763:C:T,6.28481
HNF4A,20,rs36112520,G,A,43003122,3.165e-10,A,20:43003122:G:A,6.2954545
CDC123,10,rs11257600,G,T,12255657,3.179e-10,T,10:12255657:G:T,6.284091
CDKAL1,6,rs1040558,A,G,20713706,3.321e-10,G,6:20713706:A:G,6.267857
TCF7L2,10,rs35801464,C,T,114760284,3.349e-10,T,10:114760284:C:T,6.2921686
C3orf65,3,rs6789741,G,T,185479733,3.46e-10,T,3:185479733:G:T,6.2929935
C3orf65,3,rs57487162,T,C,185477746,3.554e-10,C,3:185477746:T:C,6.2866244
C3orf65,3,rs6799330,T,G,185478957,3.67e-10,G,3:185478957:T:G,6.280255
HNF4A,20,rs12625671,T,C,42994812,3.681e-10,C,20:42994812:T:C,6.2485547
ADCY5,3,rs2877716,T,C,123094451,3.692e-10,T,3:123094451:T:C,6.2670455
TCF7L2,10,rs12762233,C,T,114779013,3.898e-10,T,10:114779013:C:T,6.2636366
HHEX,10,rs61862780,T,C,94468643,3.924e-10,C,10:94468643:T:C,6.24183
CDKAL1,6,rs11753081,T,G,20705590,3.929e-10,G,6:20705590:T:G,6.2754493
TCF7L2,10,rs11196192,T,G,114782287,4.048e-10,G,10:114782287:T:G,6.24924
ADCY5,3,rs2124500,T,C,123093530,4.2e-10,T,3:123093530:T:C,6.25
ADCY5,3,rs35841686,T,A,123087916,4.629e-10,A,3:123087916:T:A,-6.225989
TCF7L2,10,rs75933965,G,A,114749421,4.755e-10,A,10:114749421:G:A,6.221591
C3orf65,3,rs113858788,T,G,185461291,4.768e-10,G,3:185461291:T:G,6.207547
ADCY5,3,rs34970607,G,A,123090360,4.836e-10,A,3:123090360:G:A,-6.2386365
TCF7L2,10,rs12258274,T,G,114781863,4.968e-10,G,10:114781863:T:G,6.221212
TCF7L2,10,rs34347733,C,T,114753800,5.055e-10,T,10:114753800:C:T,6.217647
ADCY5,3,rs6798189,G,A,123095312,5.265e-10,A,3:123095312:G:A,-6.215909
ADCY5,3,rs56371916,T,C,123095543,5.683e-10,C,3:123095543:T:C,-6.2102275
CDKAL1,6,rs6456368,T,C,20659806,5.886e-10,C,6:20659806:T:C,6.203704
CDKAL1,6,rs9356744,T,C,20685486,6.009e-10,C,6:20685486:T:C,6.198718
TCF7L2,10,rs7911250,C,T,114752585,6.07e-10,T,10:114752585:C:T,6.1873198
ADCY5,3,rs6794202,C,T,123093887,6.159e-10,T,3:123093887:C:T,-6.1694913
CDKAL1,6,rs9350271,G,A,20683164,6.17e-10,A,6:20683164:G:A,6.198718
HHEX,10,rs2497306,A,C,94485211,6.28e-10,C,10:94485211:A:C,6.1633987
HNF4A,20,rs4810426,C,T,43001721,6.408e-10,T,20:43001721:C:T,6.1920905
TCF7L2,10,rs7080591,C,T,114740617,6.54e-10,C,10:114740617:C:T,6.1753244
CDKN1C,11,rs234866,G,A,2857897,7.441e-10,A,11:2857897:G:A,-6.142857
CDKAL1,6,rs9350272,A,G,20720818,7.54e-10,G,6:20720818:A:G,6.1488094
HHEX,10,rs1544210,G,A,94487801,7.729e-10,A,10:94487801:G:A,6.1437907
HHEX,10,rs2488075,T,C,94490174,8.009e-10,C,10:94490174:T:C,6.1437907
CDKAL1,6,rs4712524,A,G,20657865,9.301e-10,G,6:20657865:A:G,6.1358023
CDKAL1,6,rs4712522,C,G,20656800,9.638e-10,G,6:20656800:C:G,6.1296296
CDKAL1,6,rs67077402,A,C,20658978,9.982e-10,C,6:20658978:A:C,6.1296296
CDKAL1,6,rs9368224,T,A,20719232,1.01e-09,A,6:20719232:T:A,6.1257486
HNF4A,20,rs1884613,C,G,42980415,1.01e-09,G,20:42980415:C:G,6.101266
CDKAL1,6,rs9358357,A,G,20719145,1.017e-09,G,6:20719145:A:G,6.1257486
HNF4A,20,rs4810424,G,C,42975023,1.05e-09,C,20:42975023:G:C,6.107595
CDKAL1,6,rs6456367,T,A,20659587,1.069e-09,A,6:20659587:T:A,6.117284
ADCY5,3,rs9883204,T,C,123096820,1.084e-09,T,3:123096820:T:C,6.1022725
CDKAL1,6,rs9460550,G,A,20719561,1.089e-09,A,6:20719561:G:A,6.077381
CDKAL1,6,rs7754840,G,C,20661250,1.132e-09,C,6:20661250:G:C,6.1049385
CDKAL1,6,rs9358356,T,C,20667382,1.171e-09,C,6:20667382:T:C,6.0920243
CDKAL1,6,rs9460545,T,C,20661550,1.213e-09,C,6:20661550:T:C,6.0925927
CDKAL1,6,rs9460544,G,T,20661529,1.214e-09,T,6:20661529:G:T,6.0925927
CDKAL1,6,rs10946398,A,C,20661034,1.239e-09,C,6:20661034:A:C,6.0925927
CDKAL1,6,rs4712525,C,T,20662966,1.259e-09,T,6:20662966:C:T,6.0925927
CDKAL1,6,rs4712526,T,A,20663035,1.259e-09,A,6:20663035:T:A,6.0925927
CDKAL1,6,rs11759505,T,C,20660731,1.261e-09,C,6:20660731:T:C,6.0864196
CDKAL1,6,rs9460546,T,G,20663632,1.266e-09,G,6:20663632:T:G,6.0864196
HNF4A,20,rs4810425,C,T,42982912,1.284e-09,T,20:42982912:C:T,6.056962
CDKAL1,6,rs9465860,C,T,20664100,1.285e-09,T,6:20664100:C:T,6.0864196
CDKAL1,6,rs7774594,T,A,20661143,1.287e-09,A,6:20661143:T:A,6.0864196
CDKAL1,6,rs2206738,A,G,20666246,1.292e-09,G,6:20666246:A:G,6.055215
CDKAL1,6,rs7772603,T,C,20665946,1.347e-09,C,6:20665946:T:C,6.04908
IGF2BP2,3,rs7648605,T,G,185490734,1.382e-09,G,3:185490734:T:G,6.042945
CDKAL1,6,rs2206739,A,G,20666244,1.39e-09,G,6:20666244:A:G,6.042945
CDKAL1,6,rs35456723,T,C,20662217,1.404e-09,C,6:20662217:T:C,6.042945
CDKAL1,6,rs7752780,G,A,20666022,1.416e-09,A,6:20666022:G:A,6.067901
HNF4A,20,rs1884614,C,T,42980519,1.493e-09,T,20:42980519:C:T,6.031646
ADCY5,3,rs11717195,T,C,123082398,1.517e-09,C,3:123082398:T:C,-6.044944
SLC30A8,8,rs35859536,C,T,118191475,1.538e-09,T,8:118191475:C:T,-6.0584793
CDKAL1,6,rs9368218,G,A,20662592,1.539e-09,A,6:20662592:G:A,6.0555553
CDC123,10,rs7896600,G,C,12255175,1.615e-09,C,10:12255175:G:C,6.022222
CDKAL1,6,rs1569699,T,G,20679310,1.67e-09,G,6:20679310:T:G,6.032051
HNF4A,20,rs12480772,T,C,42993114,2.007e-09,C,20:42993114:T:C,5.98125
SLC30A8,8,rs9650069,C,T,118204020,2.073e-09,T,8:118204020:C:T,-5.9770117
ADCY5,3,rs11720108,C,T,123069058,2.295e-09,T,3:123069058:C:T,-5.988764
ADCY5,3,rs11719201,C,T,123068744,2.409e-09,T,3:123068744:C:T,-5.949721
ADCY5,3,rs7613951,C,T,123070517,2.512e-09,T,3:123070517:C:T,-5.949721
IGF2BP2,3,rs13073992,T,G,185490240,2.655e-09,G,3:185490240:T:G,5.944785
CDKAL1,6,rs7752906,G,A,20666055,2.656e-09,A,6:20666055:G:A,5.9691358
ADCY5,3,rs7614016,G,A,123070426,2.724e-09,A,3:123070426:G:A,-5.932961
IGF2BP2,3,rs11716491,T,C,185506003,2.872e-09,C,3:185506003:T:C,5.9444447
SLC30A8,8,rs3802177,G,A,118185025,2.886e-09,A,8:118185025:G:A,-5.9532166
IGF2BP2,3,rs73061075,A,C,185506401,3.119e-09,C,3:185506401:A:C,5.9259257
SLC30A8,8,rs4300038,G,A,118217915,3.205e-09,A,8:118217915:G:A,-5.901734
IGF2BP2,3,rs4490396,T,A,185506933,3.233e-09,A,3:185506933:T:A,5.919753
IGF2BP2,3,rs11925294,C,T,185510118,3.289e-09,T,3:185510118:C:T,5.919753
IGF2BP2,3,rs6767577,A,C,185520732,3.357e-09,C,3:185520732:A:C,5.919753
CDC123,10,rs7100710,A,G,12250861,3.377e-09,A,10:12250861:A:G,-5.922156
IGF2BP2,3,rs13060777,A,G,185525199,3.488e-09,G,3:185525199:A:G,5.9135804
IGF2BP2,3,rs11925455,G,A,185510412,3.574e-09,A,3:185510412:G:A,5.9012346
CDKAL1,6,rs9348440,C,T,20641336,3.774e-09,T,6:20641336:C:T,5.8826814
IGF2BP2,3,rs9837654,G,A,185530322,3.823e-09,A,3:185530322:G:A,5.882716
HHEX,10,rs11187140,G,A,94466910,3.837e-09,A,10:94466910:G:A,-5.8986487
IGF2BP2,3,rs6444082,G,T,185536223,3.889e-09,T,3:185536223:G:T,5.888889
SLC30A8,8,rs11558471,A,G,118185733,3.904e-09,G,8:118185733:A:G,-5.888889
IGF2BP2,3,rs1470581,A,G,185529327,3.997e-09,G,3:185529327:A:G,5.8703704
HHEX,10,rs10882102,G,C,94466495,4.067e-09,G,10:94466495:G:C,-5.89726
IGF2BP2,3,rs11706322,C,T,185497293,4.167e-09,T,3:185497293:C:T,5.8711658
IGF2BP2,3,rs4453875,T,C,185526895,4.283e-09,C,3:185526895:T:C,5.8641977
ADCY5,3,rs11708067,A,G,123065778,4.392e-09,G,3:123065778:A:G,-5.8770947
CDKAL1,6,rs72830669,A,G,20645126,4.545e-09,G,6:20645126:A:G,5.8547487
HHEX,10,rs11187139,T,C,94466427,4.599e-09,T,10:94466427:T:C,-5.8767123
CDKAL1,6,rs6456364,A,T,20649254,4.632e-09,T,6:20649254:A:T,5.849162
CDKAL1,6,rs9368226,T,C,20723057,4.883e-09,C,6:20723057:T:C,5.852941
CDKAL1,6,rs7766844,G,A,20650821,5.115e-09,A,6:20650821:G:A,5.832402
CDKN2B,9,rs1333051,A,T,22136489,5.165e-09,T,9:22136489:A:T,-5.8373704
CDKAL1,6,rs7767391,T,C,20725240,5.377e-09,C,6:20725240:T:C,5.8352942
SLC30A8,8,rs13266634,C,T,118184783,5.824e-09,T,8:118184783:C:T,-5.8362575
HNF4A,20,rs4812829,G,A,42989267,6.049e-09,A,20:42989267:G:A,5.810127
HNF4A,20,rs16988991,G,A,42989777,6.903e-09,A,20:42989777:G:A,5.7798743
CDKAL1,6,rs2876582,A,G,20653800,6.911e-09,G,6:20653800:A:G,5.782123
CDKAL1,6,rs2328545,G,C,20653550,7.588e-09,C,6:20653550:G:C,5.765363
HHEX,10,rs12219514,A,G,94466439,7.861e-09,A,10:94466439:A:G,-5.7619047
HNF4A,20,rs2144908,G,A,42985717,7.885e-09,A,20:42985717:G:A,5.7610064
CDKAL1,6,rs742642,G,A,20665081,7.941e-09,A,6:20665081:G:A,5.775281
CDKN1C,11,rs234857,T,C,2852529,8.176e-09,C,11:2852529:T:C,-5.769231
CDKAL1,6,rs28665000,G,A,20665591,8.193e-09,A,6:20665591:G:A,5.775281
CDKAL1,6,rs58048170,T,C,20665730,8.278e-09,C,6:20665730:T:C,5.769663
CDKAL1,6,rs6456366,G,C,20654300,8.446e-09,C,6:20654300:G:C,5.7486033
CDKAL1,6,rs9368216,A,G,20655110,8.764e-09,G,6:20655110:A:G,5.73743
HHEX,10,rs2497304,C,T,94492716,8.904e-09,T,10:94492716:C:T,5.745342
CDKAL1,6,rs58723416,T,C,20661842,9.344e-09,C,6:20661842:T:C,5.726257
HNF4A,20,rs34203881,G,A,42990953,9.73e-09,A,20:42990953:G:A,5.725
CDC123,10,rs12221133,G,A,12253597,9.803e-09,A,10:12253597:G:A,5.7444444
CDKAL1,6,rs56017320,C,T,20736186,9.874e-09,T,6:20736186:C:T,5.7419353
CDKN1C,11,rs234859,T,C,2852886,1.026e-08,C,11:2852886:T:C,-5.7294116
TCF7L2,10,rs7081062,G,A,114740745,1.09e-08,G,10:114740745:G:A,5.7272725
IGF2BP2,3,rs11717959,G,T,185541213,1.191e-08,T,3:185541213:G:T,5.6942677
TCF7L2,10,rs6585196,C,T,114737050,1.252e-08,C,10:114737050:C:T,5.7012987
TCF7L2,10,rs7895307,A,G,114743961,1.276e-08,A,10:114743961:A:G,5.694805
CDKAL1,6,rs9358358,A,C,20719393,1.341e-08,C,6:20719393:A:C,5.677966
IGF2BP2,3,rs9852647,T,G,185529629,1.356e-08,G,3:185529629:T:G,5.6904764
CDKAL1,6,rs2328549,A,T,20718240,1.366e-08,T,6:20718240:A:T,5.6666665
TCF7L2,10,rs10128255,G,A,114742835,1.412e-08,G,10:114742835:G:A,5.6883116
CDKAL1,6,rs9688471,C,T,20736817,1.443e-08,T,6:20736817:C:T,5.6666665
CDKAL1,6,rs9356746,T,C,20720279,1.443e-08,C,6:20720279:T:C,5.6723166
HHEX,10,rs2497305,C,T,94485621,1.479e-08,T,10:94485621:C:T,5.68125
HHEX,10,rs5015480,C,T,94465559,1.532e-08,C,10:94465559:C:T,-5.6438355
CDKAL1,6,rs72832315,C,A,20743501,1.564e-08,A,6:20743501:C:A,5.647059
CDKN1C,11,rs234856,G,T,2852328,1.656e-08,T,11:2852328:G:T,-5.643275
HHEX,10,rs1977833,G,A,94463945,1.785e-08,A,10:94463945:G:A,-5.612245
HHEX,10,rs1977832,G,T,94463779,1.796e-08,T,10:94463779:G:T,-5.650685
CDKAL1,6,rs72832309,T,G,20733108,1.804e-08,G,6:20733108:T:G,5.6216216
CDC123,10,rs1317548,G,A,12245520,1.943e-08,A,10:12245520:G:A,5.629032
ADCY5,3,rs11707746,T,C,123068817,1.965e-08,C,3:123068817:T:C,-5.6035504
HHEX,10,rs1111875,C,T,94462882,2.052e-08,T,10:94462882:C:T,-5.6164384
CDKN1C,11,rs233450,A,G,2844048,2.11e-08,G,11:2844048:A:G,-5.6094675
CDC123,10,rs7895525,T,C,12250620,2.139e-08,C,10:12250620:T:C,5.6136365
CDKAL1,6,rs9350270,A,G,20667799,2.207e-08,G,6:20667799:A:G,5.603352
COBLL1,2,rs355910,C,T,165647332,2.219e-08,T,2:165647332:C:T,-5.5986843
CDKAL1,6,rs6901559,G,A,20706230,2.339e-08,A,6:20706230:G:A,5.597484
CDC123,10,rs4747969,C,T,12297230,2.38e-08,C,10:12297230:C:T,-5.581818
HHEX,10,rs10882099,T,C,94460650,2.455e-08,C,10:94460650:T:C,-5.5958905
HHEX,10,rs10882101,T,C,94462427,2.531e-08,T,10:94462427:T:C,-5.582192
HHEX,10,rs11187138,A,G,94460281,2.62e-08,A,10:94460281:A:G,-5.5442176
IGF2BP2,3,rs16860216,G,A,185488882,2.742e-08,A,3:185488882:G:A,5.554878
HHEX,10,rs12778642,G,T,94464307,2.93e-08,G,10:94464307:G:T,-5.537415
ADCY5,3,rs71330995,G,A,123124513,2.984e-08,A,3:123124513:G:A,-5.536313
CDKAL1,6,rs4712523,A,G,20657564,3.024e-08,G,6:20657564:A:G,5.534591
CDKAL1,6,rs9295478,G,A,20716253,3.261e-08,A,6:20716253:G:A,5.5408807
CDKN1C,11,rs458069,G,C,2858800,3.362e-08,C,11:2858800:G:C,-5.5204678
CDKN1C,11,rs233451,G,A,2846427,3.568e-08,A,11:2846427:G:A,-5.5
IGF2BP2,3,rs6444084,A,G,185547319,3.763e-08,G,3:185547319:A:G,5.4840765
CDKAL1,6,rs6903744,G,A,20724250,4.016e-08,A,6:20724250:G:A,5.5
IGF2BP2,3,rs6444083,C,G,185545690,4.086e-08,G,3:185545690:C:G,5.5
CDKAL1,6,rs7741604,A,C,20731524,4.478e-08,C,6:20731524:A:C,5.4836955
CDKN1C,11,rs233446,A,C,2837625,4.93e-08,C,11:2837625:A:C,-5.4588237
CDKAL1,6,rs9356748,T,A,20725097,4.956e-08,A,6:20725097:T:A,5.461111
