SNP,Gene,Chromosome,Position,Ref,Alt,FST_BEB,FST_GIH,FST_ITU,FST_PJL,FST_STU
rs7903146,TCF7L2,10,112998590,C,T,0.0034,0.003,0.001,0.011,0.001
rs35198068,TCF7L2,10,112995025,T,C,0.0034,0.003,0.0015,0.011,0.001
rs34872471,TCF7L2,10,112994312,T,C,0.0022,0.0027,0.0018,0.0122,0.0012
rs4506565,TCF7L2,10,112996282,A,T,0.0103,0.0069,0,0.0172,0.0001
rs12244851,TCF7L2,10,113014167,C,T,0.017,0.0048,0.0064,0.0154,0.0002
rs7901695,TCF7L2,10,112994329,T,C,0.0098,0.0076,0.0003,0.026,0.0003
rs36090025,TCF7L2,10,113014674,A,C,0.011,0.0039,0.0146,0.0148,0.0026
rs7074440,TCF7L2,10,113025665,G,A,0.011,0.0039,0.0146,0.017,0.0026
rs4575195,TCF7L2,10,113005988,C,A,0.0187,0.0079,0.0262,0.0213,0.0099
rs4132670,TCF7L2,10,113008012,G,A,0.0187,0.0079,0.0262,0.0213,0.0099
rs35519679,TCF7L2,10,113058995,G,A,0.0021,0,0.0081,0.0026,0.0023
rs12260037,TCF7L2,10,113031731,C,T,0.0093,0.006,0.0196,0.012,0.0113
rs12255372,TCF7L2,10,113049143,G,T,0.0111,0.0062,0.0222,0.0163,0.0134
rs61872784,TCF7L2,10,113039134,T,A,0.0093,0.006,0.022,0.012,0.0113
rs12243326,TCF7L2,10,113029056,T,C,0.009,0.0058,0.0191,0.0117,0.011
rs56087297,TCF7L2,10,113039413,A,G,0.009,0.0058,0.0191,0.0117,0.011
rs35011184,"TCF7L2, RPS15AP30",10,112989975,G,A,0.0126,0.0017,0,0.0144,0.0024
rs72826075,"TCF7L2, RPS15AP30",10,112990741,A,G,0.0126,0.0017,0,0.0144,0.0024
rs61875118,"TCF7L2, RPS15AP30",10,112990477,T,C,0.0126,0.0017,0,0.0144,0.0024
rs61875120,TCF7L2,10,112993500,T,C,0.0103,0.0009,0.0002,0.0119,0.0036
rs17747324,"TCF7L2, RPS15AP30",10,112992744,T,C,0.0123,0.0016,0,0.0119,0.0025
rs11196211,TCF7L2,10,113057250,A,C,0.0129,0.006,0.0217,0.0137,0.0171
rs4267006,TCF7L2,10,112999020,G,T,0.0232,0.002,0.012,0.0184,0.0017
rs61875119,"TCF7L2, RPS15AP30",10,112990621,G,A,0.0271,0.0044,0.0129,0.0219,0.003
rs55899248,TCF7L2,10,113013849,A,G,0.0183,0.0005,0.0168,0.0122,0.0003
rs55853916,TCF7L2,10,113022191,G,C,0.0179,0.0004,0.0164,0.0118,0.0003
rs55972445,TCF7L2,10,113023031,G,T,0.0183,0.0005,0.0168,0.0122,0.0003
rs6585199,TCF7L2,10,113005412,G,A,0.0308,0.0295,0.0139,0.0343,0.0123
rs10885402,TCF7L2,10,113001938,A,C,0.0284,0.0324,0.0097,0.0377,0.0126
rs6585198,TCF7L2,10,113002478,G,A,0.028,0.037,0.0108,0.0371,0.0123
rs6585197,TCF7L2,10,113002305,G,T,0.028,0.037,0.0108,0.0371,0.0123
rs6585200,TCF7L2,10,113008850,A,G,0.0248,0.029,0.0079,0.0338,0.0067
rs7904519,TCF7L2,10,113014168,A,G,0.0363,0.0344,0.0156,0.0398,0.0139
rs10787471,TCF7L2,10,113004902,G,A,0.0267,0.0296,0.0108,0.0472,0.0094
rs11196190,TCF7L2,10,113018493,A,G,0.0358,0.0339,0.017,0.0393,0.0136
rs10787472,TCF7L2,10,113021538,A,C,0.0358,0.0339,0.0152,0.0393,0.0136
rs10885406,TCF7L2,10,113017965,A,G,0.0358,0.0339,0.017,0.0393,0.0136
rs7899529,TCF7L2,10,113019779,G,A,0.0458,0.0391,0.0273,0.0393,0.017
rs7918599,TCF7L2,10,113017637,C,T,0.0358,0.0391,0.017,0.0393,0.0136
rs11196191,TCF7L2,10,113020874,A,C,0.0358,0.0339,0.0152,0.0393,0.0136
rs10787473,TCF7L2,10,113021641,C,A,0.0458,0.0391,0.025,0.0393,0.017
rs12258200,TCF7L2,10,113021939,T,C,0.0358,0.0339,0.0152,0.0393,0.0136
rs6585203,TCF7L2,10,113023644,C,G,0.0358,0.0339,0.0152,0.0422,0.0136
rs7921525,TCF7L2,10,113023574,C,T,0.0458,0.0339,0.025,0.0422,0.017
rs11196193,TCF7L2,10,113024079,T,C,0.0358,0.0339,0.0152,0.0422,0.0136
rs4074718,"TCF7L2, RPS15AP30",10,112988858,G,A,0.0353,0.0539,0.0105,0.0451,0.017
rs4074720,"TCF7L2, RPS15AP30",10,112988738,C,T,0.0353,0.0539,0.0105,0.0451,0.017
rs4309084,TCF7L2,10,113025519,A,G,0.0358,0.0365,0.0152,0.0422,0.0136
rs4073980,"TCF7L2, RPS15AP30",10,112986821,C,G,0.0347,0.0532,0.0117,0.0445,0.0166
rs4128598,TCF7L2,10,113026180,A,G,0.0458,0.0339,0.025,0.0393,0.017
rs56299331,TCF7L2,10,113028677,C,T,0.0157,0.0012,0.02,0.0072,0.0057
rs4367880,TCF7L2,10,113035497,G,C,0.0162,0.0013,0.0205,0.0075,0.006
rs4128597,TCF7L2,10,113026395,A,G,0.0363,0.0344,0.0156,0.0428,0.0139
rs7907610,TCF7L2,10,113027331,A,G,0.0368,0.0349,0.0159,0.0403,0.0142
rs7924080,TCF7L2,10,113027253,T,C,0.0368,0.0349,0.0159,0.0403,0.0142
rs6585201,TCF7L2,10,113009024,G,A,0.0553,0.0345,0.0857,0.0498,0.0528
rs61872786,TCF7L2,10,113046938,G,A,0.0188,0.0014,0.0234,0.0093,0.0076
rs72826094,TCF7L2,10,113041729,A,T,0.0162,0.0013,0.0205,0.0045,0.006
rs61872790,TCF7L2,10,113061768,A,G,0.0006,0.0123,0.0006,0.0012,0.0039
rs7895340,TCF7L2,10,113041766,G,A,0.0359,0.0281,0.0201,0.0387,0.0265
rs7086857,TCF7L2,10,113033478,A,G,0.0271,0.0281,0.0114,0.0387,0.0221
rs10885408,TCF7L2,10,113031629,A,G,0.0369,0.034,0.0229,0.0398,0.0274
rs12359102,TCF7L2,10,113033692,G,A,0.0271,0.033,0.0114,0.0387,0.0221
rs7900150,TCF7L2,10,113034064,T,A,0.0359,0.033,0.0201,0.0387,0.0265
rs11196205,TCF7L2,10,113047288,G,C,0.0299,0.0286,0.0132,0.0451,0.0246
rs10885409,TCF7L2,10,113048313,T,C,0.0308,0.0295,0.0139,0.0462,0.0255
rs11196208,TCF7L2,10,113051557,T,C,0.0303,0.029,0.0136,0.0456,0.025
rs11196200,TCF7L2,10,113042179,C,G,0.0364,0.0286,0.0247,0.0393,0.0269
rs12265291,TCF7L2,10,113050481,T,C,0.0303,0.029,0.0136,0.0456,0.025
rs12718338,TCF7L2,10,113053288,C,T,0.0299,0.0309,0.0132,0.0483,0.0269
rs4077527,TCF7L2,10,113053282,C,T,0.0299,0.0309,0.0132,0.0483,0.0269
rs4918789,TCF7L2,10,113062048,T,G,0.0173,0.0185,0.0056,0.0351,0.0171
rs4917642,TCF7L2,10,113062190,C,T,0.0177,0.0229,0.0058,0.0356,0.0175
rs10885405,TCF7L2,10,113017911,C,T,0.0519,0.0408,0.0571,0.0474,0.0417
rs6585202,TCF7L2,10,113023044,T,C,0.0519,0.0408,0.0538,0.0474,0.0417
rs4918788,TCF7L2,10,113061202,G,A,0.0223,0.0282,0.0086,0.042,0.0182
rs11196212,TCF7L2,10,113061490,T,C,0.018,0.0193,0.006,0.0361,0.0178
rs6585204,TCF7L2,10,113023827,C,G,0.0519,0.0408,0.0538,0.0506,0.0417
rs7087006,TCF7L2,10,113063667,A,G,0.0199,0.0189,0.0048,0.0356,0.0175
rs7100927,TCF7L2,10,113036289,A,G,0.0319,0.0399,0.0327,0.0468,0.0497
rs7919152,TCF7L2,10,113034960,C,T,0.0419,0.0404,0.0472,0.0474,0.0568
rs7077039,TCF7L2,10,113029318,T,C,0.043,0.0415,0.0515,0.0486,0.0581
rs7077247,TCF7L2,10,113052312,T,C,0.0453,0.0355,0.0508,0.0579,0.0642
rs11196213,TCF7L2,10,113061795,C,T,0.032,0.0283,0.0368,0.0369,0.0485
rs11196180,"TCF7L2, RPS15AP30",10,112988270,A,T,0.0317,0.0284,0.007,0.0337,0.003
rs4073288,"TCF7L2, RPS15AP30",10,112987518,G,A,0.0317,0.0284,0.007,0.0337,0.003
rs7085989,TCF7L2,10,113062980,A,G,0.0341,0.0229,0.0385,0.0388,0.0473
rs12243578,TCF7L2,10,112973697,C,T,0.0189,0.0468,0.0572,0.0575,0.0386
rs11196175,TCF7L2,10,112976855,T,C,0.0142,0.0332,0.0352,0.0378,0.0167
rs11196174,TCF7L2,10,112974337,A,G,0.0119,0.0365,0.0386,0.0413,0.0169
rs6780171,IGF2BP2,3,185785668,T,A,0.0139,0.0665,0.0914,0.0128,0.0567
rs4402960,IGF2BP2,3,185793899,G,T,0.016,0.0732,0.0914,0.0145,0.0567
rs34782298,IGF2BP2,3,185803208,G,A,0.016,0.0732,0.0953,0.0145,0.0567
rs6767484,IGF2BP2,3,185802790,A,G,0.016,0.0732,0.0914,0.0145,0.0567
rs10428126,IGF2BP2,3,185802554,T,C,0.016,0.0732,0.0914,0.0145,0.0567
rs7633811,IGF2BP2,3,185802060,C,G,0.016,0.0732,0.0914,0.0145,0.0567
rs7631557,IGF2BP2,3,185795858,G,C,0.016,0.0732,0.0914,0.0145,0.0567
rs7640539,IGF2BP2,3,185795508,T,A,0.016,0.0732,0.0914,0.0145,0.0567
rs4686696,IGF2BP2,3,185798732,G,A,0.016,0.0732,0.0914,0.0145,0.0567
rs7637773,IGF2BP2,3,185797847,G,A,0.016,0.0732,0.0914,0.0145,0.0567
rs11716713,IGF2BP2,3,185797822,G,C,0.016,0.0732,0.0914,0.0145,0.0567
rs11928319,IGF2BP2,3,185800453,G,C,0.016,0.0732,0.0914,0.0145,0.0598
rs6786649,IGF2BP2,3,185796435,C,A,0.016,0.0732,0.0914,0.0145,0.0567
rs7646518,IGF2BP2,3,185797143,T,C,0.016,0.0732,0.0914,0.0145,0.0567
rs7619401,IGF2BP2,3,185792218,G,A,0.016,0.0732,0.0914,0.0145,0.0567
rs11929397,IGF2BP2,3,185792402,T,C,0.016,0.0732,0.0914,0.0145,0.0567
rs76922886,IGF2BP2,3,185801133,G,A,0.0156,0.0725,0.0906,0.0141,0.0591
rs35510946,IGF2BP2,3,185801122,G,A,0.0156,0.0725,0.0906,0.0141,0.0591
rs11711477,IGF2BP2,3,185808902,T,A,0.0177,0.0759,0.0944,0.0141,0.0529
rs7646519,IGF2BP2,3,185806065,G,A,0.016,0.0767,0.0953,0.0145,0.0567
rs73063004,IGF2BP2,3,185808557,C,T,0.016,0.0767,0.0953,0.0145,0.0567
rs1470579,IGF2BP2,3,185811292,A,C,0.016,0.0767,0.0953,0.0145,0.0567
rs1470580,IGF2BP2,3,185811386,T,A,0.016,0.0767,0.0953,0.0145,0.0567
rs6769511,IGF2BP2,3,185812502,T,C,0.016,0.0767,0.0953,0.0145,0.0567
rs7630554,IGF2BP2,3,185808274,A,G,0.016,0.0767,0.0953,0.0145,0.0567
rs4414887,IGF2BP2,3,185789104,C,T,0.0181,0.0732,0.0914,0.0163,0.0567
rs9859406,IGF2BP2,3,185816694,G,A,0.0156,0.0759,0.0944,0.0141,0.056
rs7651090,IGF2BP2,3,185795604,A,G,0.016,0.0732,0.0914,0.0128,0.0567
rs11927381,IGF2BP2,3,185790803,T,C,0.0181,0.0732,0.0953,0.0163,0.0567
rs4376068,IGF2BP2,3,185779847,A,C,0.016,0.0732,0.0914,0.0163,0.0567
rs73061095,IGF2BP2,3,185799019,T,G,0.016,0.0767,0.0953,0.0145,0.0567
rs9854769,IGF2BP2,3,185803160,A,G,0.016,0.0767,0.0953,0.0145,0.0567
rs7615045,IGF2BP2,3,185803338,A,G,0.016,0.0767,0.0953,0.0145,0.0567
rs9808924,IGF2BP2,3,185796401,G,A,0.016,0.0767,0.0953,0.0145,0.0567
rs4481184,IGF2BP2,3,185787999,C,T,0.0204,0.0732,0.0914,0.0163,0.0567
rs9841201,IGF2BP2,3,185788196,G,A,0.0181,0.0767,0.0953,0.0163,0.0567
rs11705729,IGF2BP2,3,185789511,A,T,0.0181,0.0767,0.0953,0.0163,0.0567
rs7633675,IGF2BP2,3,185792825,T,G,0.016,0.0767,0.0953,0.0145,0.0567
rs6765808,IGF2BP2,3,185790241,C,T,0.0181,0.0767,0.0953,0.0163,0.0567
rs13092876,IGF2BP2,3,185777532,G,A,0.016,0.0767,0.0953,0.0163,0.0567
rs4389513,IGF2BP2,3,185789069,T,G,0.0181,0.0767,0.0953,0.0163,0.0567
rs7766070,CDKAL1,6,20686342,C,A,0.0146,0.002,0.0042,0.0002,0.0079
rs11705701,IGF2BP2,3,185826521,G,A,0.0002,0.0197,0.0329,0.0017,0.0145
rs764129,No Mapped Gene,3,185830129,C,T,0,0.0193,0.0301,0.0018,0.0142
rs10811661,CDKN2B-AS1,9,22134095,T,C,0.0089,0.0185,0.0025,0.0239,0.0126
rs10811660,CDKN2B-AS1,9,22134069,G,A,0.0089,0.0185,0.0025,0.0239,0.0126
rs66513933,IGF2BP2,3,185805582,T,C,0.0028,0.0073,0.0466,0,0.0198
rs7640744,IGF2BP2,3,185804659,G,A,0.0028,0.0073,0.0466,0,0.0198
rs10811662,CDKN2B-AS1,9,22134254,G,A,0.0089,0.0185,0.0025,0.0239,0.0126
rs10965250,CDKN2B-AS1,9,22133285,G,A,0.0075,0.018,0.0015,0.0234,0.0122
rs35909974,IGF2BP2,3,185795291,C,T,0.0028,0.0073,0.0466,0,0.0198
rs16860235,IGF2BP2,3,185794573,G,A,0.0028,0.0073,0.0466,0,0.0198
rs16860234,IGF2BP2,3,185793096,A,C,0.0028,0.0073,0.0466,0,0.0198
rs7756992,CDKAL1,6,20679478,A,G,0.0143,0.0021,0.0025,0.0003,0.0082
rs35261542,CDKAL1,6,20675561,C,A,0.0194,0.0026,0.004,0.0009,0.0051
rs2383208,CDKN2B-AS1,9,22132077,A,G,0.0043,0.018,0,0.0401,0.0147
rs9368222,CDKAL1,6,20686765,C,A,0.0108,0.0037,0.0042,0.001,0.0079
rs10965248,CDKN2B-AS1,9,22132879,T,C,0.0057,0.0128,0.0006,0.0137,0.0064
rs10965246,CDKN2B-AS1,9,22132699,T,C,0.0062,0.0144,0,0.0186,0.0114
rs10965247,CDKN2B-AS1,9,22132730,A,G,0.0065,0.0166,0,0.0152,0.0111
rs9348441,CDKAL1,6,20680447,T,A,0.0134,0.0024,0.0048,0.0008,0.0089
rs2206734,CDKAL1,6,20694653,C,T,0.0796,0.0088,0.0095,0.0262,0.0041
rs7451008,CDKAL1,6,20673649,T,C,0.019,0.002,0.0042,0.001,0.0053
rs71320320,"MIR548AQ, IGF2BP2",3,185769367,A,T,0.0034,0,0.0117,0.0013,0.0003
rs35612982,CDKAL1,6,20682391,T,C,0.0759,0.0089,0.0113,0.0239,0.0032
rs10440833,CDKAL1,6,20687890,T,A,0.0115,0.0033,0.0048,0.0008,0.0089
rs6103716,"HNF4A, HNF4A-AS1",20,44370990,A,C,0.0012,0.0017,0.0189,0.0002,0.0057
rs35430985,"MIR548AQ, IGF2BP2",3,185770515,C,A,0.0024,0.0073,0.0557,0.0017,0.0197
rs6931514,CDKAL1,6,20703721,A,G,0.013,0.0026,0.003,0.0005,0.0092
rs10946403,CDKAL1,6,20717173,A,G,0.0725,0.0092,0.0117,0.0271,0.0034
rs10946402,CDKAL1,6,20715595,T,G,0.0825,0.0115,0.0141,0.0307,0.0049
rs6935599,CDKAL1,6,20716864,A,G,0.0768,0.0092,0.0117,0.0271,0.0034
rs2328547,CDKAL1,6,20716339,A,G,0.0787,0.01,0.0124,0.0282,0.0039
rs2328548,CDKAL1,6,20716727,G,A,0.0768,0.0108,0.0117,0.0271,0.0034
rs6456371,CDKAL1,6,20714235,T,C,0.0768,0.0092,0.0117,0.0271,0.0034
rs13039863,"HNF4A, HNF4A-AS1",20,44367544,G,C,0.0871,0.0728,0.0673,0.0562,0.1073
rs9465871,CDKAL1,6,20717024,T,C,0.0768,0.0092,0.0134,0.0271,0.0034
rs7087591,Y_RNA,10,92713872,G,A,0.0988,0.1304,0.1457,0.0781,0.1913
rs10882105,Y_RNA,10,92714354,C,T,0.1053,0.1368,0.1476,0.0796,0.1934
rs10786053,Y_RNA,10,92714340,G,A,0.1053,0.1368,0.1476,0.0796,0.1934
rs9368219,CDKAL1,6,20674460,C,T,0.0822,0.0081,0.0088,0.0202,0.006
rs10906100,CDC123,10,12218020,C,T,0.0072,0.0189,0.0426,0.0152,0.018
rs11196201,TCF7L2,10,113043548,A,T,0.001,0.0063,0.0003,0.0047,0.0038
rs12245680,TCF7L2,10,113060432,T,C,0.0134,0.0308,0.0359,0.0111,0.0422
rs12780155,CDC123,10,12219853,T,A,0.0009,0.0139,0.0179,0.0113,0.0048
rs4933736,Y_RNA,10,92711838,C,T,0.1045,0.1358,0.1419,0.075,0.1977
rs6801848,IGF2BP2,3,185781269,C,G,0.0065,0.0436,0.0678,0.0068,0.0257
rs4686392,IGF2BP2,3,185806293,A,G,0.0065,0.0464,0.0712,0.0056,0.0257
rs35674932,CDC123,10,12219811,A,T,0.0057,0.0213,0.0388,0.0152,0.018
rs4710941,CDKAL1,6,20693997,C,T,0.0701,0.0057,0.0076,0.0207,0.0029
rs55886102,"HNF4A, HNF4A-AS1",20,44367470,G,C,0.0871,0.0728,0.0461,0.0525,0.1031
rs56307709,"HNF4A, HNF4A-AS1",20,44382923,C,T,0.0525,0.0556,0.0437,0.0571,0.0837
rs11187144,Y_RNA,10,92710223,T,C,0.1028,0.134,0.14,0.0736,0.1957
rs10882106,No Mapped Gene,10,92720577,C,T,0.1053,0.1277,0.1289,0.0758,0.188
rs7923866,No Mapped Gene,10,92722319,C,T,0.1053,0.1277,0.1289,0.0758,0.188
rs10882104,Y_RNA,10,92710758,T,C,0.1045,0.1358,0.1419,0.075,0.1977
rs67131976,CDKAL1,6,20686647,C,T,0.0642,0.0052,0.007,0.0197,0.0025
rs7923837,No Mapped Gene,10,92722160,G,A,0.1053,0.1277,0.1289,0.0758,0.188
rs7898054,No Mapped Gene,10,92718113,C,T,0.1053,0.1277,0.1289,0.0758,0.188
rs10748582,No Mapped Gene,10,92717462,T,A,0.1045,0.1268,0.128,0.075,0.187
rs1832886,No Mapped Gene,10,92717782,G,A,0.1053,0.1277,0.1289,0.0758,0.188
rs11187143,Y_RNA,10,92709177,G,A,0.1045,0.1358,0.1419,0.075,0.1977
rs12266632,TCF7L2,10,113005200,C,G,0.004,0.0039,0.0008,0,0.002
rs1112718,No Mapped Gene,10,92719350,A,G,0.0953,0.1249,0.113,0.0666,0.1803
rs12636310,IGF2BP2,3,185751703,A,G,0.0319,0.0568,0.0764,0.0205,0.056
rs11196187,TCF7L2,10,112999686,G,A,0.0051,0.0029,0.0038,0,0.0013
rs11187149,No Mapped Gene,10,92726006,G,A,0.1257,0.1557,0.1524,0.0835,0.2326
rs10513800,IGF2BP2,3,185762600,C,A,0.0302,0.0546,0.0738,0.017,0.0538
rs7748382,CDKAL1,6,20665318,G,A,0.0081,0.0039,0.0054,0.004,0.021
rs34744311,Y_RNA,10,92707530,C,T,0.1053,0.1368,0.1524,0.0758,0.2098
rs6784050,IGF2BP2,3,185755344,C,T,0.0282,0.0646,0.0777,0.0162,0.0477
rs113805683,IGF2BP2,3,185754122,T,C,0.0282,0.0646,0.0777,0.0162,0.0477
rs11187141,Y_RNA,10,92707388,A,T,0.107,0.1386,0.1543,0.0773,0.2119
rs72830699,CDKAL1,6,20704193,G,A,0.0701,0.007,0.0091,0.0207,0.0029
rs6784185,IGF2BP2,3,185755277,G,A,0.0299,0.0671,0.0804,0.0175,0.0499
rs2053768,IGF2BP2,3,185747975,C,T,0.0282,0.0646,0.0814,0.0183,0.0477
rs36112520,"HNF4A, HNF4A-AS1",20,44374482,G,A,0.063,0.0627,0.032,0.0309,0.0575
rs11257600,CDC123,10,12213658,G,T,0.0089,0.011,0.0261,0.0176,0.0161
rs1040558,CDKAL1,6,20713475,A,G,0.0701,0.007,0.0124,0.0256,0.0029
rs35801464,TCF7L2,10,113000525,C,T,0.0051,0.0029,0.0038,0,0.0013
rs6789741,IGF2BP2,3,185761945,G,T,0.0265,0.0622,0.0751,0.0149,0.0456
rs57487162,IGF2BP2,3,185759958,T,C,0.0265,0.0622,0.0751,0.0149,0.0456
rs6799330,IGF2BP2,3,185761169,T,G,0.0265,0.0622,0.0751,0.0149,0.0456
rs12625671,"HNF4A, HNF4A-AS1",20,44366172,T,C,0.0721,0.0503,0.0486,0.048,0.0936
rs2877716,ADCY5,3,123375604,T,C,0.0005,0.0053,0.0149,0.0033,0.0001
rs12762233,TCF7L2,10,113019254,C,T,0.001,0.0063,0,0.0013,0.0038
rs61862780,Y_RNA,10,92708886,T,C,0.0697,0.1287,0.1074,0.0375,0.1518
rs11753081,CDKAL1,6,20705359,T,G,0.0701,0.007,0.0107,0.0207,0.0029
rs11196192,TCF7L2,10,113022528,T,G,0.001,0.0063,0,0.0013,0.0038
rs2124500,ADCY5,3,123374683,T,C,0.0005,0.0053,0.0149,0.0033,0.0001
rs35841686,ADCY5,3,123369069,T,A,0.0004,0.004,0.0153,0.0022,0.0008
rs75933965,"TCF7L2, RPS15AP30",10,112989662,G,A,0.0033,0.0079,0.0024,0.0001,0.0048
rs113858788,IGF2BP2,3,185743503,T,G,0.0282,0.0613,0.0814,0.0183,0.0477
rs34970607,ADCY5,3,123371513,G,A,0.0004,0.0051,0.0153,0.0031,0.0001
rs12258274,TCF7L2,10,113022104,T,G,0.001,0.0063,0,0.0013,0.0038
rs34347733,TCF7L2,10,112994041,C,T,0.0033,0.0029,0.0024,0.0001,0.0027
rs6798189,ADCY5,3,123376465,G,A,0.0005,0.0053,0.0149,0.0033,0.0001
rs56371916,ADCY5,3,123376696,T,C,0.0005,0.0053,0.0149,0.0033,0.0001
rs6456368,CDKAL1,6,20659575,T,C,0.003,0.0159,0.015,0.0132,0.0264
rs9356744,CDKAL1,6,20685255,T,C,0.0083,0.0073,0.0126,0.0005,0.0145
rs7911250,"TCF7L2, RPS15AP30",10,112992826,C,T,0.0033,0.0079,0.0024,0.0001,0.0048
rs6794202,ADCY5,3,123375040,C,T,0.0005,0.0053,0.0149,0.0033,0.0001
rs9350271,CDKAL1,6,20682933,G,A,0.0099,0.0073,0.0126,0.0005,0.0145
rs2497306,No Mapped Gene,10,92725454,A,C,0.0919,0.1536,0.1162,0.0462,0.1907
rs4810426,"HNF4A, HNF4A-AS1",20,44373081,C,T,0.0718,0.0557,0.0292,0.0309,0.0646
rs7080591,TCF7L2,10,112980858,C,T,0.0013,0.0011,0.0204,0.0005,0.0015
rs234866,"KCNQ1, KCNQ1-AS1",11,2836667,G,A,0.0066,0.0107,0.0019,0.004,0.0034
rs9350272,"CDKAL1, RPL36AP25",6,20720587,A,G,0.0659,0.007,0.0124,0.0231,0.0029
rs1544210,No Mapped Gene,10,92728044,G,A,0.0919,0.1536,0.1162,0.0462,0.1907
rs2488075,No Mapped Gene,10,92730417,T,C,0.0935,0.1555,0.1179,0.0474,0.1927
rs4712524,CDKAL1,6,20657634,A,G,0.003,0.0159,0.015,0.0132,0.0264
rs4712522,CDKAL1,6,20656569,C,G,0.003,0.0159,0.015,0.0132,0.0264
rs67077402,CDKAL1,6,20658747,A,C,0.003,0.014,0.017,0.0132,0.0264
rs9368224,"CDKAL1, RPL36AP25",6,20719001,T,A,0.0659,0.007,0.0124,0.0231,0.0029
rs1884613,"HNF4A, R3HDML, R3HDML-AS1",20,44351775,C,G,0.0652,0.0595,0.0548,0.0401,0.0834
rs9358357,"CDKAL1, RPL36AP25",6,20718914,A,G,0.0651,0.0067,0.012,0.0226,0.0027
rs4810424,"Y_RNA, R3HDML, R3HDML-AS1",20,44346383,G,C,0.0694,0.0663,0.0616,0.0401,0.0834
rs6456367,CDKAL1,6,20659356,T,A,0.003,0.0159,0.017,0.0132,0.0264
rs9883204,ADCY5,3,123377973,T,C,0.0004,0.0048,0.0158,0.0029,0.0001
rs9460550,"CDKAL1, RPL36AP25",6,20719330,G,A,0.0659,0.007,0.0124,0.0231,0.0029
rs7754840,CDKAL1,6,20661019,G,C,0.003,0.0159,0.0131,0.0132,0.0292
rs9358356,CDKAL1,6,20667151,T,C,0.003,0.014,0.0131,0.0132,0.0292
rs9460545,CDKAL1,6,20661319,T,C,0.003,0.0159,0.0131,0.0132,0.0292
rs9460544,CDKAL1,6,20661298,G,T,0.003,0.0159,0.0131,0.0132,0.0292
rs10946398,CDKAL1,6,20660803,A,C,0.003,0.0159,0.0131,0.0132,0.0292
rs4712525,CDKAL1,6,20662735,C,T,0.003,0.0159,0.0131,0.0132,0.0292
rs4712526,CDKAL1,6,20662804,T,A,0.003,0.0159,0.0131,0.0132,0.0292
rs11759505,CDKAL1,6,20660500,T,C,0.003,0.0159,0.0131,0.0132,0.0292
rs9460546,CDKAL1,6,20663401,T,G,0.003,0.0159,0.0113,0.0132,0.0292
rs4810425,"HNF4A, R3HDML, R3HDML-AS1",20,44354272,C,T,0.0652,0.0595,0.0582,0.0401,0.0872
rs9465860,CDKAL1,6,20663869,C,T,0.0032,0.0155,0.0127,0.0129,0.0287
rs7774594,CDKAL1,6,20660912,T,A,0.003,0.0159,0.0131,0.0132,0.0292
rs2206738,CDKAL1,6,20666015,A,G,0.003,0.014,0.0131,0.0132,0.0292
rs7772603,CDKAL1,6,20665715,T,C,0.0032,0.0136,0.0127,0.0129,0.0315
rs7648605,IGF2BP2,3,185772946,T,G,0.0003,0.0001,0.0266,0.0012,0.0021
rs2206739,CDKAL1,6,20666013,A,G,0.0032,0.0136,0.0127,0.0129,0.0287
rs35456723,CDKAL1,6,20661986,T,C,0.0032,0.0155,0.0127,0.0129,0.0287
rs7752780,CDKAL1,6,20665791,G,A,0.0032,0.0136,0.0127,0.0129,0.0287
rs1884614,"HNF4A, R3HDML, R3HDML-AS1",20,44351879,C,T,0.0652,0.0595,0.0582,0.0401,0.0834
rs11717195,ADCY5,3,123363551,T,C,0.0019,0.0091,0.0067,0.0038,0.0002
rs35859536,SLC30A8,8,117179236,C,T,0.0001,0.0174,0.0001,0.0009,0.0076
rs9368218,CDKAL1,6,20662361,G,A,0.003,0.0159,0.017,0.0132,0.0292
rs7896600,CDC123,10,12213176,G,C,0.0067,0.0137,0.0196,0.0249,0.0063
rs1569699,CDKAL1,6,20679079,T,G,0.0075,0.0067,0.0137,0.0007,0.0156
rs12480772,"HNF4A, HNF4A-AS1",20,44364474,T,C,0.0634,0.0578,0.0633,0.0357,0.0852
rs9650069,No Mapped Gene,8,117191781,C,T,0,0.0184,0.0002,0.0006,0.0082
rs11720108,ADCY5,3,123350211,C,T,0.0019,0.0091,0.0051,0.005,0.0016
rs11719201,ADCY5,3,123349897,C,T,0.002,0.0095,0.0049,0.0053,0.0018
rs7613951,ADCY5,3,123351670,C,T,0.0017,0.0088,0.007,0.0036,0.0001
rs13073992,"MIR548AQ, IGF2BP2",3,185772452,T,G,0.0004,0.0001,0.0261,0.0013,0.002
rs7752906,CDKAL1,6,20665824,G,A,0.003,0.014,0.0131,0.0132,0.0292
rs7614016,ADCY5,3,123351579,G,A,0.0016,0.0084,0.0073,0.0034,0.0001
rs11716491,IGF2BP2,3,185788215,T,C,0.0001,0.0008,0.0294,0.0011,0.003
rs3802177,SLC30A8,8,117172786,G,A,0.0001,0.0149,0,0.0008,0.0088
rs73061075,IGF2BP2,3,185788613,A,C,0.0001,0.0008,0.0294,0.0011,0.003
rs4300038,No Mapped Gene,8,117205676,G,A,0,0.0174,0.0001,0.0005,0.0091
rs4490396,IGF2BP2,3,185789145,T,A,0.0001,0.0008,0.0294,0.0011,0.003
rs11925294,IGF2BP2,3,185792330,C,T,0.0001,0.0008,0.0294,0.0011,0.003
rs6767577,IGF2BP2,3,185802944,A,C,0.0003,0.0011,0.0311,0.0008,0.0036
rs7100710,CDC123,10,12208862,A,G,0.0007,0.001,0.0012,0.0019,0.0055
rs13060777,IGF2BP2,3,185807411,A,G,0.0003,0.0011,0.0311,0.0008,0.0036
rs11925455,IGF2BP2,3,185792624,G,A,0.0001,0.0008,0.0294,0.0011,0.003
rs9348440,CDKAL1,6,20641105,C,T,0.0973,0.0127,0.0278,0.0185,0.005
rs9837654,IGF2BP2,3,185812534,G,A,0.0001,0.0013,0.0319,0.0011,0.003
rs11187140,Y_RNA,10,92707153,G,A,0.0838,0.0854,0.0823,0.0741,0.1753
rs6444082,IGF2BP2,3,185818435,G,T,0.0182,0.062,0.0936,0.015,0.0432
rs11558471,SLC30A8,8,117173494,A,G,0,0.018,0,0.0016,0.0096
rs1470581,IGF2BP2,3,185811539,A,G,0.0001,0.0013,0.0319,0.0011,0.003
rs10882102,Y_RNA,10,92706738,G,C,0.0739,0.0598,0.0974,0.0512,0.1677
rs11706322,IGF2BP2,3,185779505,C,T,0,0.0004,0.0294,0.0011,0.003
rs4453875,IGF2BP2,3,185809107,T,C,0.0001,0.0013,0.0319,0.0011,0.003
rs11708067,ADCY5,3,123346931,A,G,0.0024,0.0086,0.0044,0.0034,0.0021
rs72830669,CDKAL1,6,20644895,A,G,0.0913,0.0123,0.0356,0.018,0.0047
rs11187139,Y_RNA,10,92706670,T,C,0.0739,0.0598,0.0974,0.0512,0.1625
rs6456364,CDKAL1,6,20649023,A,T,0.0925,0.0127,0.0335,0.0185,0.005
rs9368226,"CDKAL1, RPL36AP25",6,20722826,T,C,0.0602,0.0015,0.01,0.0174,0.0006
rs7766844,CDKAL1,6,20650590,G,A,0.0925,0.0127,0.0335,0.0185,0.005
rs1333051,CDKN2B-AS1,9,22136490,A,T,0.0015,0.028,0.0002,0.052,0.0233
rs7767391,"CDKAL1, RPL36AP25",6,20725009,T,C,0.0602,0.0015,0.0117,0.0197,0.0006
rs13266634,SLC30A8,8,117172544,C,T,0.0001,0.0129,0,0.0008,0.0088
rs4812829,"HNF4A, HNF4A-AS1",20,44360627,G,A,0.0634,0.0578,0.0407,0.0327,0.0814
rs16988991,"HNF4A, HNF4A-AS1",20,44361137,G,A,0.0545,0.0536,0.0371,0.0293,0.0767
rs2876582,CDKAL1,6,20653569,A,G,0.0925,0.0148,0.0364,0.0185,0.005
rs2328545,CDKAL1,6,20653319,G,C,0.0925,0.0148,0.0306,0.0185,0.005
rs12219514,Y_RNA,10,92706682,A,G,0.0676,0.0597,0.0857,0.0455,0.1585
rs2144908,"HNF4A, HNF4A-AS1, R3HDML-AS1",20,44357077,G,A,0.0554,0.0545,0.0378,0.0299,0.0777
rs742642,CDKAL1,6,20664850,G,A,0.0913,0.0143,0.0356,0.0156,0.0035
rs234857,KCNQ1,11,2831299,T,C,0.0021,0.0117,0,0.0029,0.0016
rs28665000,CDKAL1,6,20665360,G,A,0.0913,0.0143,0.0356,0.0156,0.0035
rs58048170,CDKAL1,6,20665499,T,C,0.0913,0.0143,0.0356,0.0156,0.0035
rs6456366,CDKAL1,6,20654069,G,C,0.0925,0.0148,0.0364,0.0185,0.005
rs9368216,CDKAL1,6,20654879,A,G,0.0913,0.0143,0.0356,0.018,0.0047
rs2497304,No Mapped Gene,10,92732959,C,T,0.1394,0.1951,0.1692,0.0881,0.2733
rs58723416,CDKAL1,6,20661611,T,C,0.0913,0.0123,0.0356,0.0156,0.0035
rs34203881,"HNF4A, HNF4A-AS1",20,44362313,G,A,0.0594,0.0545,0.0378,0.0299,0.0852
rs12221133,CDC123,10,12211598,G,A,0.0065,0.0133,0.0191,0.0244,0.0074
rs56017320,CDKAL1,6,20735955,C,T,0.0542,0.0039,0.0103,0.0042,0.0007
rs234859,KCNQ1,11,2831656,T,C,0.002,0.0114,0,0.0031,0.0015
rs7081062,TCF7L2,10,112980986,G,A,0.0041,0,0.0064,0.0007,0.0005
rs11717959,IGF2BP2,3,185823425,G,T,0.0172,0.0134,0.0007,0.0377,0.0027
rs6585196,TCF7L2,10,112977291,C,T,0.0043,0,0.0061,0.0008,0.0005
rs7895307,"TCF7L2, RPS15AP30",10,112984202,A,G,0.0039,0.0001,0.0055,0.0017,0.001
rs9358358,"CDKAL1, RPL36AP25",6,20719162,A,C,0.0891,0.0175,0.0371,0.0169,0.0041
rs9852647,IGF2BP2,3,185811841,T,G,0.0007,0.0016,0.022,0.0005,0.0008
rs2328549,"CDKAL1, RPL36AP25",6,20718009,A,T,0.0891,0.0175,0.0433,0.0169,0.0041
rs10128255,"TCF7L2, RPS15AP30",10,112983076,G,A,0.0041,0,0.0064,0.0012,0.0009
rs9688471,CDKAL1,6,20736586,C,T,0.0542,0.0039,0.0103,0.0055,0.0007
rs9356746,"CDKAL1, RPL36AP25",6,20720048,T,C,0.0891,0.0175,0.0371,0.0169,0.0041
rs2497305,No Mapped Gene,10,92725864,C,T,0.1376,0.1931,0.173,0.0866,0.2712
rs5015480,Y_RNA,10,92705802,C,T,0.0697,0.0447,0.1057,0.0512,0.1523
rs72832315,CDKAL1,6,20743270,C,A,0.0542,0.0028,0.0103,0.0042,0.0007
rs234856,KCNQ1,11,2831098,G,T,0.0031,0.0188,0.0015,0.0003,0.0037
rs1977833,No Mapped Gene,10,92704188,G,A,0.0753,0.0644,0.1031,0.0626,0.1697
rs1977832,No Mapped Gene,10,92704022,G,T,0.0753,0.0644,0.1031,0.0626,0.1697
rs72832309,CDKAL1,6,20732877,T,G,0.0574,0.0048,0.0203,0.0102,0.0019
rs1317548,CDC123,10,12203521,G,A,0.0003,0.0018,0.0033,0.0056,0.0002
rs11707746,ADCY5,3,123349970,T,C,0,0.0209,0.0023,0.0027,0.0019
rs1111875,No Mapped Gene,10,92703125,C,T,0.0753,0.0644,0.1031,0.0626,0.1697
rs233450,KCNQ1,11,2822818,A,G,0.006,0.0249,0.0003,0.001,0.0006
rs7895525,CDC123,10,12208621,T,C,0.0094,0.0077,0.012,0.0113,0.0026
rs9350270,CDKAL1,6,20667568,A,G,0.0962,0.0104,0.0356,0.0156,0.0035
rs355910,COBLL1,2,164790822,C,T,0.0203,0.0528,0.0417,0.0519,0.1106
rs6901559,CDKAL1,6,20705999,G,A,0.0595,0.0018,0.0014,0.0205,0.0005
rs4747969,CDC123,10,12255231,C,T,0.0232,0.0104,0.0368,0.0621,0.0411
rs10882099,No Mapped Gene,10,92700893,T,C,0.0746,0.0637,0.1023,0.062,0.1687
rs10882101,No Mapped Gene,10,92702670,T,C,0.0732,0.0624,0.1007,0.0606,0.1668
rs11187138,HHEX,10,92700524,A,G,0.0732,0.0624,0.1007,0.0606,0.1668
rs16860216,"MIR548AQ, IGF2BP2",3,185771094,G,A,0,0.0004,0.0351,0.0001,0.0041
rs12778642,No Mapped Gene,10,92704550,G,T,0.0676,0.063,0.0896,0.0551,0.1638
rs71330995,ADCY5,3,123405666,G,A,0.0002,0.0018,0.0213,0.0019,0.0005
rs4712523,CDKAL1,6,20657333,A,G,0.0126,0.0108,0.0029,0.0044,0.0071
rs9295478,CDKAL1,6,20716022,G,A,0.0595,0.0025,0.0021,0.0228,0.0005
rs458069,"KCNQ1, KCNQ1-AS1",11,2837570,G,C,0.0141,0.0133,0.0201,0.0015,0.0386
rs233451,KCNQ1,11,2825197,G,A,0.0011,0.0169,0.0007,0.0084,0.0014
rs6444084,IGF2BP2,3,185829531,A,G,0.0157,0.0124,0.0006,0.0388,0.0049
rs6903744,"CDKAL1, RPL36AP25",6,20724019,G,A,0.0823,0.0072,0.0272,0.0136,0.001
rs6444083,IGF2BP2,3,185827902,C,G,0.0136,0.0124,0.0006,0.0388,0.0049
rs7741604,CDKAL1,6,20731293,A,C,0.0574,0.0062,0.0203,0.0102,0.0019
rs233446,KCNQ1,11,2816395,A,C,0.0074,0.0228,0.0003,0.0024,0.0038
rs9356748,"CDKAL1, RPL36AP25",6,20724866,T,A,0.0823,0.0072,0.0327,0.0136,0.001
